ts_code,trade_date,open,high,low,close,pre_close,change,pct_chg,vol,amount
000001.SZ,20211231,16.86,16.9,16.4,16.48,16.82,-0.34,-2.0214,1750760.89,2899617.148
000001.SZ,20211230,16.76,16.95,16.72,16.82,16.75,0.07,0.4179,796663.6,1342374.249
000001.SZ,20211229,17.16,17.16,16.7,16.75,17.17,-0.42,-2.4461,1469373.98,2480534.592
000001.SZ,20211228,17.22,17.33,17.09,17.17,17.22,-0.05,-0.2904,1126638.91,1934461.075
000001.SZ,20211227,17.33,17.35,17.16,17.22,17.31,-0.09,-0.5199,731118.99,1260455.319
000001.SZ,20211224,17.33,17.35,17.21,17.31,17.32,-0.01,-0.0577,488251.49,843109.664
000001.SZ,20211223,17.4,17.43,17.21,17.32,17.39,-0.07,-0.4025,1059575.94,1831122.716
000001.SZ,20211222,17.62,17.64,17.3,17.39,17.59,-0.2,-1.137,976927.75,1701772.583
000001.SZ,20211221,17.49,17.71,17.48,17.59,17.52,0.07,0.3995,893734.04,1572895.581
000001.SZ,20211220,17.56,17.65,17.45,17.52,17.57,-0.05,-0.2846,746435.2,1309029.268
000001.SZ,20211217,17.7,17.75,17.57,17.57,17.72,-0.15,-0.8465,602369.67,1062875.482
000001.SZ,20211216,17.55,17.73,17.46,17.72,17.55,0.17,0.9687,819479.51,1445483.375
000001.SZ,20211215,17.51,17.66,17.4,17.55,17.58,-0.03,-0.1706,1294627.41,2269821.045
000001.SZ,20211214,18.16,18.17,17.52,17.58,18.27,-0.69,-3.7767,1937208.9,3434156.327
000001.SZ,20211213,18.47,18.88,18.18,18.27,18.38,-0.11,-0.5985,1314490.27,2427803.721
000001.SZ,20211210,18.51,18.7,18.27,18.38,18.7,-0.32,-1.7112,989255.13,1824076.523
000001.SZ,20211209,18.49,19.06,18.37,18.7,18.47,0.23,1.2453,1455886.68,2726663.443
000001.SZ,20211208,18.45,18.55,18.16,18.47,18.46,0.01,0.0542,980281.18,1798691.052
000001.SZ,20211207,18.3,18.67,18.15,18.46,18.1,0.36,1.989,1616443.87,2979968.976
000001.SZ,20211206,17.85,18.56,17.8,18.1,17.65,0.45,2.5496,2145625.28,3896385.171
000001.SZ,20211203,17.64,17.7,17.41,17.65,17.59,0.06,0.3411,707599.74,1242375.057
000001.SZ,20211202,17.62,17.81,17.37,17.59,17.64,-0.05,-0.2834,994798.35,1749164.558
000001.SZ,20211201,17.43,17.77,17.37,17.64,17.44,0.2,1.1468,706925.19,1243666.842
000001.SZ,20211130,17.54,17.68,17.35,17.44,17.51,-0.07,-0.3998,733616.06,1280384.552
000001.SZ,20211129,17.41,17.57,17.36,17.51,17.58,-0.07,-0.3982,512594.71,895105.981
000001.SZ,20211126,17.62,17.67,17.52,17.58,17.68,-0.1,-0.5656,694499.88,1219937.312
000001.SZ,20211125,17.74,17.79,17.63,17.68,17.87,-0.19,-1.0632,603532.7,1068221.304
000001.SZ,20211124,17.77,17.95,17.66,17.87,17.88,-0.01,-0.0559,741310.84,1316774.397
000001.SZ,20211123,18.11,18.35,17.68,17.88,18.12,-0.24,-1.3245,1235977.96,2213817.59
000001.SZ,20211122,18.03,18.25,17.9,18.12,18.15,-0.03,-0.1653,738617.8,1337768.172
000001.SZ,20211119,17.8,18.24,17.7,18.15,17.8,0.35,1.9663,786371.56,1414506.38
000001.SZ,20211118,18.09,18.12,17.73,17.8,18.11,-0.31,-1.7118,799843.77,1430058.311
000001.SZ,20211117,18.15,18.3,17.98,18.11,18.22,-0.11,-0.6037,664640.38,1203859.18
000001.SZ,20211116,18.36,18.54,18.17,18.22,18.43,-0.21,-1.1394,601110.48,1099113.409
000001.SZ,20211115,18.35,18.63,18.2,18.43,18.27,0.16,0.8758,655089.99,1203764.095
000001.SZ,20211112,18.31,18.63,18.11,18.27,18.35,-0.08,-0.436,957546.46,1753072.716
000001.SZ,20211111,17.35,18.43,17.32,18.35,17.4,0.95,5.4598,2084729,3752413.858
000001.SZ,20211110,17.46,17.47,17.16,17.4,17.53,-0.13,-0.7416,1220850.88,2109735.147
000001.SZ,20211109,17.48,17.65,17.26,17.53,17.42,0.11,0.6315,1240572.75,2163193.119
000001.SZ,20211108,17.62,17.81,17.36,17.42,17.64,-0.22,-1.2472,1376814.82,2406417.771
000001.SZ,20211105,17.85,18,17.57,17.64,17.87,-0.23,-1.2871,1096039.88,1942415.605
000001.SZ,20211104,18.08,18.1,17.8,17.87,18.03,-0.16,-0.8874,983410.98,1760671.898
000001.SZ,20211103,18.1,18.24,17.85,18.03,18.18,-0.15,-0.8251,1114972.04,2009325.065
000001.SZ,20211102,19.37,19.49,17.99,18.18,19.39,-1.21,-6.2403,1997690.5,3691356.324
000001.SZ,20211101,19.33,19.73,19.01,19.39,19.5,-0.11,-0.5641,841490.2,1626762.029
000001.SZ,20211029,19.63,19.74,19.32,19.5,19.72,-0.22,-1.1156,539929.76,1052760.273
000001.SZ,20211028,19.8,19.94,19.37,19.72,19.92,-0.2,-1.004,619010.89,1211946.109
000001.SZ,20211027,20,20.17,19.59,19.92,20.05,-0.13,-0.6484,687600.19,1365982.833
000001.SZ,20211026,20.06,20.45,19.86,20.05,20.12,-0.07,-0.3479,652806.84,1313475.882
000001.SZ,20211025,19.71,20.2,19.5,20.12,20.04,0.08,0.3992,730828.23,1458800.089
000001.SZ,20211022,20.16,20.59,19.8,20.04,20,0.04,0.2,1134963.63,2287284.921
000001.SZ,20211021,19.52,20.06,19.25,20,19.24,0.76,3.9501,1621661.01,3198266.215
000001.SZ,20211020,19.75,19.78,19.19,19.24,19.57,-0.33,-1.6863,662955.55,1283356.219
000001.SZ,20211019,19.15,19.68,19.15,19.57,19.29,0.28,1.4515,682415.15,1330501.301
000001.SZ,20211018,19.45,19.55,19.1,19.29,19.66,-0.37,-1.882,729622.5,1408737.777
000001.SZ,20211015,19,19.9,19,19.66,19.21,0.45,2.3425,993493.78,1948647.236
000001.SZ,20211014,19.59,19.92,18.89,19.21,19.58,-0.37,-1.8897,842989.87,1623970.431
000001.SZ,20211013,19.3,19.91,19.17,19.58,19.35,0.23,1.1886,807896.68,1577612.469
000001.SZ,20211012,19.3,19.71,19.2,19.35,19.4,-0.05,-0.2577,1031232.18,2004823.967
000001.SZ,20211011,19,19.74,19,19.4,18.64,0.76,4.0773,1455338.35,2829310.843
000001.SZ,20211008,18.17,18.89,18.02,18.64,17.93,0.71,3.9598,1159200.62,2146983.881
000001.SZ,20210930,18.09,18.2,17.71,17.93,18.15,-0.22,-1.2121,795611.05,1424675.916
000001.SZ,20210929,17.86,18.44,17.71,18.15,17.97,0.18,1.0017,1230121.75,2225416.488
000001.SZ,20210928,17.47,18.17,17.45,17.97,17.57,0.4,2.2766,1293167.47,2311265.535
000001.SZ,20210927,17.21,17.68,17.06,17.57,17.35,0.22,1.268,1140667.59,1979196.739
000001.SZ,20210924,17.6,17.68,17.34,17.35,17.68,-0.33,-1.8665,1265696.28,2209461.934
000001.SZ,20210923,18.1,18.32,17.65,17.68,17.98,-0.3,-1.6685,1379837.59,2465683.704
000001.SZ,20210922,17.87,18.05,17.42,17.98,18.53,-0.55,-2.9682,1473365.21,2616707.242
000001.SZ,20210917,18.9,19,18.41,18.53,19.08,-0.55,-2.8826,1124879.63,2098715.196
000001.SZ,20210916,19.3,19.5,18.73,19.08,19.52,-0.44,-2.2541,1176953.56,2234474.948
000001.SZ,20210915,19.31,20.99,19.19,19.52,19.37,0.15,0.7744,841618.41,1639298.361
000001.SZ,20210914,20.18,20.27,19.27,19.37,20.21,-0.84,-4.1564,1158173.15,2272080.156
000001.SZ,20210913,20.36,20.51,19.81,20.21,20.57,-0.36,-1.7501,1297228.02,2606152.378
000001.SZ,20210910,18.89,20.77,18.84,20.57,19,1.57,8.2632,2314945.28,4668361.827
000001.SZ,20210909,19.11,19.15,18.8,19,19.23,-0.23,-1.196,739505.85,1399536.02
000001.SZ,20210908,19.24,19.55,19.1,19.23,19.24,-0.01,-0.052,1026201.05,1979771.479
000001.SZ,20210907,18.6,19.56,18.35,19.24,18.45,0.79,4.2818,1622344.16,3067365.668
000001.SZ,20210906,17.93,18.6,17.78,18.45,18.04,0.41,2.2727,1515225.56,2780281.08
000001.SZ,20210903,18.5,18.5,17.7,18.04,18.4,-0.36,-1.9565,1394818.71,2523273.155
000001.SZ,20210902,18,18.78,17.8,18.4,17.88,0.52,2.9083,2422603.54,4454545.28
000001.SZ,20210901,17.48,17.92,17.01,17.88,17.8,0.08,0.4494,2316894.09,4046284.162
000001.SZ,20210831,17.72,17.93,17.31,17.8,17.72,0.08,0.4515,1174867.86,2072006.842
000001.SZ,20210830,18.21,18.29,17.55,17.72,18.39,-0.67,-3.6433,1252211.01,2221855.858
000001.SZ,20210827,18.56,18.88,18.31,18.39,18.46,-0.07,-0.3792,728820.23,1354408.976
000001.SZ,20210826,19.2,19.26,18.41,18.46,19.16,-0.7,-3.6534,951619,1783725.035
000001.SZ,20210825,19.42,19.47,18.95,19.16,19.36,-0.2,-1.0331,698083.97,1341330.418
000001.SZ,20210824,19.35,19.97,19.21,19.36,19.3,0.06,0.3109,868953.3,1690760.837
000001.SZ,20210823,19.5,20.05,19.11,19.3,19.42,-0.12,-0.6179,1191849.35,2315871.646
000001.SZ,20210820,19.97,20.07,18.7,19.42,20.34,-0.92,-4.5231,1614627.93,3119152.554
000001.SZ,20210819,20.48,20.62,20.02,20.34,20.62,-0.28,-1.3579,649975.61,1315320.351
000001.SZ,20210818,19.67,21.2,19.55,20.62,19.67,0.95,4.8297,1332732.16,2732213.549
000001.SZ,20210817,19.85,20.22,19.61,19.67,19.95,-0.28,-1.4035,476021.94,947385.521
000001.SZ,20210816,20.09,20.2,19.57,19.95,19.89,0.06,0.3017,627050.22,1247681.171
000001.SZ,20210813,19.78,19.92,19.5,19.89,19.89,0,0,562885.02,1110191.399
000001.SZ,20210812,19.79,20.3,19.63,19.89,19.81,0.08,0.4038,666458,1330388.046
000001.SZ,20210811,19.99,20.58,19.7,19.81,19.73,0.08,0.4055,1048308.44,2104975.144
000001.SZ,20210810,19.09,19.98,18.9,19.73,19.06,0.67,3.5152,1301988.44,2535427.989
000001.SZ,20210809,17.91,19.25,17.84,19.06,17.86,1.2,6.7189,1752798,3313803.23
000001.SZ,20210806,17.55,17.9,17.45,17.86,17.68,0.18,1.0181,567454.13,1005870.948
000001.SZ,20210805,17.7,18.05,17.58,17.68,17.81,-0.13,-0.7299,621573.88,1104903.004
000001.SZ,20210804,18.04,18.07,17.6,17.81,17.89,-0.08,-0.4472,729620.08,1300164.293
000001.SZ,20210803,17.99,18.15,17.66,17.89,18.01,-0.12,-0.6663,896948.57,1609422.575
000001.SZ,20210802,17.64,18.14,17.18,18.01,17.69,0.32,1.8089,1159922.63,2056014.242
000001.SZ,20210730,17.92,18.05,17.24,17.69,17.96,-0.27,-1.5033,950155.88,1679747.318
000001.SZ,20210729,17.91,18.24,17.78,17.96,17.75,0.21,1.1831,872378.12,1566107.824
000001.SZ,20210728,17.85,18.07,17.68,17.75,17.76,-0.01,-0.0563,1062994.21,1898562.591
000001.SZ,20210727,18.87,18.99,17.6,17.76,18.8,-1.04,-5.5319,1357551.48,2461708.369
000001.SZ,20210726,19.96,19.99,18.43,18.8,20.1,-1.3,-6.4677,1451303.94,2770236.696
000001.SZ,20210723,20.38,20.38,20,20.1,20.38,-0.28,-1.3739,727404.33,1461467.511
000001.SZ,20210722,20.45,20.66,20.24,20.38,20.45,-0.07,-0.3423,868648.09,1773999.331
000001.SZ,20210721,20.58,20.8,20.2,20.45,20.6,-0.15,-0.7282,753076.52,1535327.561
000001.SZ,20210720,21.1,21.2,20.47,20.6,21.21,-0.61,-2.876,804034.33,1665315.545
000001.SZ,20210719,21.36,21.43,20.78,21.21,21.34,-0.13,-0.6092,522135.95,1098434.741
000001.SZ,20210716,21.41,21.82,21.3,21.34,21.62,-0.28,-1.2951,573002.61,1230180.813
000001.SZ,20210715,20.72,21.72,20.63,21.62,20.76,0.86,4.1426,956003.05,2040266.258
000001.SZ,20210714,21,21,20.41,20.76,21.12,-0.36,-1.7045,847950.55,1755810.875
000001.SZ,20210713,21.15,21.34,20.54,21.12,21.16,-0.04,-0.189,657613.95,1382029.13
000001.SZ,20210712,21.5,21.5,20.89,21.16,21.27,-0.11,-0.5172,877901.02,1859059.51
000001.SZ,20210709,21.3,21.63,21.02,21.27,21.51,-0.24,-1.1158,762364.74,1625461.607
000001.SZ,20210708,22.78,22.78,21.2,21.51,22.55,-1.04,-4.612,1457059.47,3140657.439
000001.SZ,20210707,22.68,23.05,22.5,22.55,22.78,-0.23,-1.0097,468944.87,1063910.095
000001.SZ,20210706,22.08,23,21.85,22.78,22.06,0.72,3.2638,791957.26,1784792.785
000001.SZ,20210705,21.69,22.15,21.09,22.06,21.81,0.25,1.1463,859341.29,1859394.323
000001.SZ,20210702,22.72,22.74,21.76,21.81,23.2,-1.39,-5.9914,1070677.56,2360189.793
000001.SZ,20210701,22.81,23.5,22.52,23.2,22.62,0.58,2.5641,664833.3,1530548.798
000001.SZ,20210630,22.36,22.93,22.35,22.62,22.34,0.28,1.2534,403435.46,913285.187
000001.SZ,20210629,22.58,22.79,22,22.34,22.78,-0.44,-1.9315,1049749.39,2341926.371
000001.SZ,20210628,23.36,23.39,22.48,22.78,23.36,-0.58,-2.4829,626257.37,1425702.202
000001.SZ,20210625,23.08,23.6,23.06,23.36,23.08,0.28,1.2132,559972.95,1310287.389
000001.SZ,20210624,23.03,23.12,22.68,23.08,23.14,-0.06,-0.2593,390283.49,894502.108
000001.SZ,20210623,22.85,23.41,22.72,23.14,22.97,0.17,0.7401,447907.78,1035835.695
000001.SZ,20210622,22.38,23.09,22.25,22.97,22.16,0.81,3.6552,757751.41,1720058.046
000001.SZ,20210621,22.6,22.67,22.01,22.16,22.65,-0.49,-2.1634,718272.74,1600119.859
000001.SZ,20210618,23.13,23.28,22.39,22.65,23.1,-0.45,-1.9481,694099.3,1574437.729
000001.SZ,20210617,23.02,23.69,23.02,23.1,23.26,-0.16,-0.6879,453282.09,1059121.804
000001.SZ,20210616,23.22,23.4,23.01,23.26,23.22,0.04,0.1723,378208.04,878470.834
000001.SZ,20210615,23.35,23.43,22.8,23.22,23.37,-0.15,-0.6418,660622.59,1524503.477
000001.SZ,20210611,24.31,24.35,23.12,23.37,24.2,-0.83,-3.4298,834665.04,1965393.115
000001.SZ,20210610,24.66,25.06,24.15,24.2,24.65,-0.45,-1.8256,530215.16,1294972.566
000001.SZ,20210609,24.43,24.88,24.18,24.65,24.53,0.12,0.4892,453831.5,1116771.375
000001.SZ,20210608,24.15,24.57,23.95,24.53,24.3,0.23,0.9465,570077.92,1384120.301
000001.SZ,20210607,24.48,24.48,23.93,24.3,24.54,-0.24,-0.978,447914.1,1081738.832
000001.SZ,20210604,23.99,24.96,23.8,24.54,23.77,0.77,3.2394,756739.42,1851425.837
000001.SZ,20210603,23.72,24.14,23.68,23.77,23.89,-0.12,-0.5023,400900.85,958876.472
000001.SZ,20210602,23.89,23.92,23.38,23.89,23.92,-0.03,-0.1254,497527.02,1176608.126
000001.SZ,20210601,24.2,24.25,23.5,23.92,24.2,-0.28,-1.157,625017.96,1490476.624
000001.SZ,20210531,24.33,24.53,23.91,24.2,24.5,-0.3,-1.2245,515350.81,1244209.045
000001.SZ,20210528,24.68,24.71,24.16,24.5,24.79,-0.29,-1.1698,492400.73,1200523.315
000001.SZ,20210527,24.91,25.16,24.52,24.79,25.01,-0.22,-0.8796,504091.36,1246712.048
000001.SZ,20210526,24.64,25.12,24.5,25.01,24.6,0.41,1.6667,919263.78,2286540.248
000001.SZ,20210525,23.54,24.73,23.45,24.6,23.48,1.12,4.77,972374.62,2363145.902
000001.SZ,20210524,23.48,23.6,23.19,23.48,23.49,-0.01,-0.0426,343935.63,806092.207
000001.SZ,20210521,23.88,24.09,23.03,23.49,23.82,-0.33,-1.3854,539335.74,1263058.114
000001.SZ,20210520,23.41,23.84,23.27,23.82,23.6,0.22,0.9322,405788.37,957478.853
000001.SZ,20210519,23.82,24.13,23.52,23.6,23.9,-0.3,-1.2552,429420.33,1022553.739
000001.SZ,20210518,23.85,24.11,23.4,23.9,23.6,0.3,1.2712,395414.98,939786.731
000001.SZ,20210517,23.15,23.82,22.95,23.6,23.32,0.28,1.2007,527564.65,1241605.192
000001.SZ,20210514,23.14,23.43,22.6,23.32,22.89,0.43,1.8785,563785.36,1300250.943
000001.SZ,20210513,23.52,23.59,22.84,23.07,23.55,-0.48,-2.0382,549652.5,1271946.298
000001.SZ,20210512,23.29,23.64,22.88,23.55,23.53,0.02,0.085,533265.26,1245517.716
000001.SZ,20210511,23.62,23.75,23.06,23.53,23.86,-0.33,-1.3831,497223.45,1161846.399
000001.SZ,20210510,24,24.04,23.02,23.86,24.05,-0.19,-0.79,661438.9,1566860.764
000001.SZ,20210507,23.67,24.3,23.39,24.05,23.5,0.55,2.3404,802214.21,1929112.374
000001.SZ,20210506,23.1,23.7,23.1,23.5,23.29,0.21,0.9017,500295.22,1174181.608
000001.SZ,20210430,23.35,23.49,23.01,23.29,23.59,-0.3,-1.2717,561981.32,1308177.202
000001.SZ,20210429,23.34,23.71,23.11,23.59,23.35,0.24,1.0278,614836.88,1439823.965
000001.SZ,20210428,23.29,23.45,22.78,23.35,22.94,0.41,1.7873,593837.93,1375141.409
000001.SZ,20210427,22.95,23.19,22.86,22.94,22.94,0,0,470431.4,1083043.579
000001.SZ,20210426,23.87,24.23,22.9,22.94,23.29,-0.35,-1.5028,872417.67,2037109.597
000001.SZ,20210423,23.32,23.65,23.07,23.29,22.98,0.31,1.349,823230.15,1920413.502
000001.SZ,20210422,23.19,23.23,22.78,22.98,23.01,-0.03,-0.1304,829693.88,1905208.911
000001.SZ,20210421,22.3,23.19,22.29,23.01,21.69,1.32,6.0858,1597099.65,3644577.541
000001.SZ,20210420,21.08,21.95,20.92,21.69,21.15,0.54,2.5532,834772.72,1798249.024
000001.SZ,20210419,20.03,21.24,19.91,21.15,20.26,0.89,4.3929,1112282.62,2304021.478
000001.SZ,20210416,20.36,20.43,19.81,20.26,20.36,-0.1,-0.4912,729998.26,1466509.057
000001.SZ,20210415,20.76,20.77,20.08,20.36,20.67,-0.31,-1.4998,735865.05,1494016.04
000001.SZ,20210414,20.79,20.94,20.42,20.67,20.78,-0.11,-0.5294,537438.49,1113001.541
000001.SZ,20210413,20.72,20.88,20.59,20.78,20.7,0.08,0.3865,499904.18,1036992.692
000001.SZ,20210412,21.51,21.51,20.63,20.7,21.3,-0.6,-2.8169,594743.14,1240067.319
000001.SZ,20210409,21.71,21.72,21.08,21.3,21.56,-0.26,-1.2059,398960.28,849870.878
000001.SZ,20210408,21.46,21.73,21.33,21.56,21.64,-0.08,-0.3697,383029.5,825170.84
000001.SZ,20210407,21.88,21.93,21.31,21.64,21.68,-0.04,-0.1845,517604.59,1116774.452
000001.SZ,20210406,21.55,22.09,21.51,21.68,21.5,0.18,0.8372,401102.82,873387.016
000001.SZ,20210402,21.7,21.73,21.36,21.5,21.78,-0.28,-1.2856,581083.52,1249405.387
000001.SZ,20210401,22.08,22.11,21.5,21.78,22.01,-0.23,-1.045,544448.98,1183868.023
000001.SZ,20210331,21.77,22.07,21.6,22.01,21.93,0.08,0.3648,777028.07,1699922.183
000001.SZ,20210330,21.38,21.93,21.21,21.93,21.49,0.44,2.0475,738654.81,1601238.499
000001.SZ,20210329,21.28,21.65,21.2,21.49,21.14,0.35,1.6556,785666.68,1684397.866
000001.SZ,20210326,20.84,21.4,20.76,21.14,20.75,0.39,1.8795,822108.06,1733412.579
000001.SZ,20210325,20.58,20.83,20.4,20.75,20.53,0.22,1.0716,492665.74,1017166.048
000001.SZ,20210324,21.21,21.28,20.45,20.53,21.23,-0.7,-3.2972,850085.07,1757688.572
000001.SZ,20210323,21.57,21.65,20.96,21.23,21.55,-0.32,-1.4849,682903.38,1448043.613
000001.SZ,20210322,20.55,21.55,20.53,21.55,20.47,1.08,5.276,1451190.08,3087549.484
000001.SZ,20210319,21.53,21.65,20.37,20.47,21.73,-1.26,-5.7984,1525622.27,3159181.042
000001.SZ,20210318,21.3,21.73,21,21.73,21.2,0.53,2.5,691610.19,1483801.548
000001.SZ,20210317,21.45,21.55,20.9,21.2,21.66,-0.46,-2.1237,821488.65,1738185.857
000001.SZ,20210316,21.6,22.11,21.27,21.66,21.6,0.06,0.2778,939684.32,2038470.66
000001.SZ,20210315,21.4,22.12,21.11,21.6,21.48,0.12,0.5587,958748.7,2077984.893
000001.SZ,20210312,21.37,21.7,21.2,21.48,21.27,0.21,0.9873,697200.6,1494219.075
000001.SZ,20210311,20.58,21.38,20.56,21.27,20.4,0.87,4.2647,1048659.39,2213107.787
000001.SZ,20210310,20.84,20.91,20.28,20.4,20.85,-0.45,-2.1583,1149416.57,2356185.003
000001.SZ,20210309,21.68,21.92,20.58,20.85,21.6,-0.75,-3.4722,1361895.33,2882931.927
000001.SZ,20210308,22.44,22.69,21.48,21.6,22.34,-0.74,-3.3124,993773.97,2189190.957
000001.SZ,20210305,22.7,22.98,21.86,22.34,22.92,-0.58,-2.5305,880171.41,1960439.115
000001.SZ,20210304,22.77,23.49,22.65,22.92,23.01,-0.09,-0.3911,1213579.37,2799747.146
000001.SZ,20210303,21.58,23.08,21.46,23.01,21.65,1.36,6.2818,1919635.27,4320024.431
000001.SZ,20210302,21.62,22.15,21.26,21.65,21.45,0.2,0.9324,1473425.05,3196536.981
000001.SZ,20210301,21.54,21.68,21.18,21.45,21.38,0.07,0.3274,1125386.53,2408050.906
000001.SZ,20210226,21.6,21.96,21.21,21.38,22.09,-0.71,-3.2141,1124977.3,2424653.753
000001.SZ,20210225,22.4,22.56,21.68,22.09,22.16,-0.07,-0.3159,1593403.47,3524600.794
000001.SZ,20210224,22.27,22.28,21.56,22.16,21.93,0.23,1.0488,1428499.85,3144209.051
000001.SZ,20210223,22.38,22.68,21.82,21.93,22.38,-0.45,-2.0107,1870460.13,4160776.611
000001.SZ,20210222,23.8,23.8,22.26,22.38,23.85,-1.47,-6.1635,1956842.48,4445818.547
000001.SZ,20210219,23.96,24.19,23.57,23.85,24.3,-0.45,-1.8519,922583.14,2197558.286
000001.SZ,20210218,24,24.55,23.48,24.3,23.82,0.48,2.0151,1505230.81,3619387.651
000001.SZ,20210210,24.6,24.96,23.38,23.82,24.58,-0.76,-3.0919,1918867.1,4569741.959
000001.SZ,20210209,24.79,24.84,24.17,24.58,24.8,-0.22,-0.8871,942093.55,2302978.158
000001.SZ,20210208,24.9,24.9,24.1,24.8,24.93,-0.13,-0.5215,1084264.67,2650948.251
000001.SZ,20210205,24.6,25.31,24.27,24.93,24.6,0.33,1.3415,1015575.59,2517804.159
000001.SZ,20210204,24.18,25.24,24.04,24.6,24.95,-0.35,-1.4028,1255247.5,3084553.75
000001.SZ,20210203,23.48,25.18,23.38,24.95,23.28,1.67,7.1735,1923271.59,4690176.486
000001.SZ,20210202,23.38,24.1,22.91,23.28,24.55,-1.27,-5.1731,2416168.77,5679179.941
000001.SZ,20210201,23,24.99,22.7,24.55,23.09,1.46,6.3231,1475239.3,3529556.986
000001.SZ,20210129,22.81,23.54,22.71,23.09,22.81,0.28,1.2275,1240258.41,2864101.419
000001.SZ,20210128,22.78,23.18,22.45,22.81,23.08,-0.27,-1.1698,857476.96,1948881.146
000001.SZ,20210127,22.31,23.47,22.31,23.08,22.37,0.71,3.1739,1294152.72,2976800.955
000001.SZ,20210126,22.3,23.32,22.3,22.37,22.49,-0.12,-0.5336,1126720.55,2558575.511
000001.SZ,20210125,21.72,22.6,21.43,22.49,22.03,0.46,2.0881,1028365.27,2269032.82
000001.SZ,20210122,22.23,22.23,21.51,22.03,22.23,-0.2,-0.8997,924434.42,2025834.761
000001.SZ,20210121,22.5,22.8,22.15,22.23,22.47,-0.24,-1.0681,944778.6,2114252.731
000001.SZ,20210120,22.15,22.97,22.12,22.47,22.34,0.13,0.5819,1280793.16,2889249.85
000001.SZ,20210119,22.51,22.84,22.05,22.34,22.7,-0.36,-1.5859,1242088.34,2790056.611
000001.SZ,20210118,21.2,22.78,21.2,22.7,21,1.7,8.0952,2157301.78,4792909.447
000001.SZ,20210115,21,21.95,20.82,21,20.17,0.83,4.115,2480688.98,5311218.074
000001.SZ,20210114,20.68,20.89,19.95,20.17,20.7,-0.53,-2.5604,1130155.62,2306404.546
000001.SZ,20210113,21,21.01,20.4,20.7,21,-0.3,-1.4286,1049119.73,2161849.708
000001.SZ,20210112,20.39,21,20.18,21,20.38,0.62,3.0422,1288165.5,2657687.44
000001.SZ,20210111,20,20.64,20,20.38,19.85,0.53,2.67,1790457.14,3652546.646
000001.SZ,20210108,19.9,20.1,19.31,19.85,19.9,-0.05,-0.2513,1195473.22,2348316.363
000001.SZ,20210107,19.52,19.98,19.23,19.9,19.56,0.34,1.7382,1584185.3,3111274.625
000001.SZ,20210106,18.08,19.56,18,19.56,18.17,1.39,7.65,1934945.12,3648521.909
000001.SZ,20210105,18.4,18.48,17.8,18.17,18.6,-0.43,-2.3118,1821352.1,3284606.913
000001.SZ,20210104,19.1,19.1,18.44,18.6,19.34,-0.74,-3.8263,1554216.43,2891682.312
000001.SZ,20201231,19.21,19.58,19.02,19.34,19.2,0.14,0.7292,924503.43,1781736.285
000001.SZ,20201230,19,19.2,18.72,19.2,19.17,0.03,0.1565,978497.78,1854082.812
000001.SZ,20201229,18.87,19.3,18.7,19.17,18.85,0.32,1.6976,963092.23,1837947.238
000001.SZ,20201228,18.02,18.86,17.96,18.85,18.04,0.81,4.49,1270337.06,2352947.321
000001.SZ,20201225,18.26,18.26,17.8,18.04,18.26,-0.22,-1.2048,577077.33,1038128.197
000001.SZ,20201224,18.15,18.49,18.05,18.26,18,0.26,1.4444,632950.12,1155767.283
000001.SZ,20201223,17.96,18.07,17.79,18,17.9,0.1,0.5587,750082.73,1345650.736
000001.SZ,20201222,18.36,18.65,17.88,17.9,18.28,-0.38,-2.0788,1028737.51,1873638.734
000001.SZ,20201221,18.3,18.64,18.03,18.28,18.36,-0.08,-0.4357,906878.11,1662649.81
000001.SZ,20201218,19,19.1,18.23,18.36,18.95,-0.59,-3.1135,1058756.36,1959764.074
000001.SZ,20201217,18.91,19.07,18.6,18.95,19.01,-0.06,-0.3156,686140.69,1294658.299
000001.SZ,20201216,18.8,19.1,18.58,19.01,18.74,0.27,1.4408,689070.42,1302133.815
000001.SZ,20201215,18.8,18.85,18.15,18.74,18.88,-0.14,-0.7415,788857.94,1458268.62
000001.SZ,20201214,18.6,19.06,18.5,18.88,18.52,0.36,1.9438,835991.74,1575396.008
000001.SZ,20201211,18.71,18.8,18.22,18.52,18.65,-0.13,-0.6971,887793.87,1642392.314
000001.SZ,20201210,18.73,18.88,18.45,18.65,18.71,-0.06,-0.3207,607866.55,1130916.254
000001.SZ,20201209,18.79,19.05,18.68,18.71,18.71,0,0,677221.15,1277484.44
000001.SZ,20201208,18.92,19.03,18.53,18.71,18.91,-0.2,-1.0576,719647.51,1345951.734
000001.SZ,20201207,19.31,19.39,18.68,18.91,19.3,-0.39,-2.0207,873806.61,1655173.465
000001.SZ,20201204,19.47,19.47,18.97,19.3,19.54,-0.24,-1.2282,891347.84,1707639.065
000001.SZ,20201203,19.78,19.86,19.17,19.54,19.63,-0.09,-0.4585,714452.3,1393085.02
000001.SZ,20201202,19.93,20.06,19.52,19.63,20.05,-0.42,-2.0948,889385.29,1758639.187
000001.SZ,20201201,19.7,20.51,19.4,20.05,19.74,0.31,1.5704,1263719.75,2516010.782
000001.SZ,20201130,19.9,20.88,19.59,19.74,19.7,0.04,0.203,1581441.28,3213680.47
000001.SZ,20201127,20,20,19.38,19.7,19.5,0.2,1.0256,753773.74,1479430.635
000001.SZ,20201126,19.05,19.61,19.03,19.5,19.06,0.44,2.3085,639657.89,1240074.378
000001.SZ,20201125,19.48,19.7,19.05,19.06,19.36,-0.3,-1.5496,552585.01,1068352.014
000001.SZ,20201124,19.62,19.68,19.17,19.36,19.62,-0.26,-1.3252,678543.23,1313496.136
000001.SZ,20201123,18.85,19.62,18.8,19.62,18.86,0.76,4.0297,1165858.26,2252290.578
000001.SZ,20201120,18.83,18.99,18.52,18.86,18.85,0.01,0.0531,673919.22,1265262.915
000001.SZ,20201119,18.59,18.98,18.3,18.85,18.46,0.39,2.1127,1211740.62,2270476.474
000001.SZ,20201118,17.78,18.5,17.75,18.46,17.83,0.63,3.5334,1373400.72,2508632.642
000001.SZ,20201117,17.38,17.93,17.25,17.83,17.37,0.46,2.6482,852930.51,1509511.577
000001.SZ,20201116,17.08,17.43,16.9,17.37,17.18,0.19,1.1059,759856.93,1308190.459
000001.SZ,20201113,17.42,17.47,16.69,17.18,17.66,-0.48,-2.718,1289189.23,2191492.021
000001.SZ,20201112,17.81,17.94,17.45,17.66,17.81,-0.15,-0.8422,677258.48,1197284.181
000001.SZ,20201111,18.2,18.3,17.6,17.81,18.11,-0.3,-1.6565,940130.07,1677811.478
000001.SZ,20201110,18,18.5,17.93,18.11,17.84,0.27,1.5135,1021062.81,1854142.808
000001.SZ,20201109,17.67,18,17.54,17.84,17.64,0.2,1.1338,951424.32,1688807.401
000001.SZ,20201106,17.71,17.75,17.22,17.64,17.7,-0.06,-0.339,848781.53,1486492.208
000001.SZ,20201105,18.37,18.5,17.54,17.7,18.32,-0.62,-3.3843,1429469.44,2558562.453
000001.SZ,20201104,18.35,18.48,17.96,18.32,17.96,0.36,2.0045,1247636.4,2275824.963
000001.SZ,20201103,17.71,18.34,17.7,17.96,17.63,0.33,1.8718,957868.63,1727488.481
000001.SZ,20201102,17.65,18.05,17.33,17.63,17.75,-0.12,-0.6761,968452.77,1702741.437
000001.SZ,20201030,17.74,18.36,17.6,17.75,17.77,-0.02,-0.1125,1007803.83,1813064.343
000001.SZ,20201029,17.54,17.93,17.35,17.77,17.63,0.14,0.7941,846603.62,1498040.947
000001.SZ,20201028,17.76,17.9,17.29,17.63,17.76,-0.13,-0.732,1205823.86,2125604.541
000001.SZ,20201027,18,18,17.5,17.76,17.7,0.06,0.339,1034865.04,1839243.224
000001.SZ,20201026,18.2,18.29,17.45,17.7,18.13,-0.43,-2.3718,1175598.65,2085800.598
000001.SZ,20201023,17.53,18.78,17.53,18.13,17.56,0.57,3.246,1698501.68,3105623.948
000001.SZ,20201022,17.94,18.5,17.3,17.56,17.91,-0.35,-1.9542,1890519.05,3342069.01
000001.SZ,20201021,17.64,18,17.33,17.91,17.54,0.37,2.1095,1244560.18,2204040.364
000001.SZ,20201020,17.48,17.6,17.25,17.54,17.48,0.06,0.3432,960071.95,1673173.355
000001.SZ,20201019,17.3,18.1,17.3,17.48,17.1,0.38,2.2222,2016105.52,3571336.006
000001.SZ,20201016,16.56,17.37,16.54,17.1,16.56,0.54,3.2609,2095614.19,3589229.558
000001.SZ,20201015,16.2,16.92,16.15,16.56,16.03,0.53,3.3063,1600062.32,2654379.585
000001.SZ,20201014,16.04,16.12,15.8,16.03,16.06,-0.03,-0.1868,662562.36,1057937.816
000001.SZ,20201013,15.9,16.11,15.77,16.06,15.9,0.16,1.0063,908819.48,1453986.337
000001.SZ,20201012,15.22,16.05,15.21,15.9,15.18,0.72,4.7431,1591347.15,2509002.885
000001.SZ,20201009,15.3,15.55,15.13,15.18,15.17,0.01,0.0659,900425.93,1376995.906
000001.SZ,20200930,14.8,15.27,14.8,15.17,14.8,0.37,2.5,1217064.82,1838547.595
000001.SZ,20200929,15.39,15.41,14.76,14.8,15.31,-0.51,-3.3312,1182374.4,1766848.544
000001.SZ,20200928,15.19,15.37,14.98,15.31,15.19,0.12,0.79,612711.11,932800.766
000001.SZ,20200925,15.2,15.31,15.11,15.19,15.12,0.07,0.463,614087,933035.044
000001.SZ,20200924,15.59,15.61,15.12,15.12,15.63,-0.51,-3.263,1061011.24,1623376.2
000001.SZ,20200923,15.59,15.83,15.51,15.63,15.57,0.06,0.3854,599200.47,939763.265
000001.SZ,20200922,15.67,15.84,15.39,15.57,15.86,-0.29,-1.8285,867756.31,1354536.272
000001.SZ,20200921,16,16.05,15.71,15.86,16.07,-0.21,-1.3068,896161.65,1418370.973
000001.SZ,20200918,15.62,16.09,15.52,16.07,15.57,0.5,3.2113,1373193.3,2186759.087
000001.SZ,20200917,15.54,15.72,15.4,15.57,15.44,0.13,0.842,988215.63,1543414.501
000001.SZ,20200916,15.32,15.54,15.21,15.44,15.35,0.09,0.5863,722414.75,1114667.832
000001.SZ,20200915,15.2,15.48,15.15,15.35,15.3,0.05,0.3268,657132.67,1007999.044
000001.SZ,20200914,15.01,15.3,14.92,15.3,15.01,0.29,1.932,680251.05,1027508.108
000001.SZ,20200911,15.18,15.3,14.82,15.01,15.34,-0.33,-2.1512,954236.25,1431844.02
000001.SZ,20200910,15.32,15.48,15.2,15.34,15.21,0.13,0.8547,957092.39,1469402.768
000001.SZ,20200909,15.26,15.56,15.13,15.21,15.43,-0.22,-1.4258,1013572.47,1554005.575
000001.SZ,20200908,15,15.43,15,15.43,14.94,0.49,3.2798,1407601.66,2154220.778
000001.SZ,20200907,14.88,15.24,14.83,14.94,14.96,-0.02,-0.1337,1031376.81,1551971.38
000001.SZ,20200904,14.73,15.06,14.6,14.96,14.9,0.06,0.4027,909889.99,1353550.808
000001.SZ,20200903,15.32,15.33,14.84,14.9,15.32,-0.42,-2.7415,1279841.59,1919266.726
000001.SZ,20200902,15.01,15.53,15.01,15.32,15.14,0.18,1.1889,1679382.97,2575966.637
000001.SZ,20200901,14.96,15.23,14.88,15.14,15.08,0.06,0.3979,813642.58,1228342.741
000001.SZ,20200831,15.3,15.68,14.99,15.08,15.13,-0.05,-0.3305,1797129.54,2760350.322
000001.SZ,20200828,14.26,15.18,14.26,15.13,14.46,0.67,4.6335,2410400.02,3599035.694
000001.SZ,20200827,14.4,14.46,14.11,14.46,14.37,0.09,0.6263,626666.77,895618.648
000001.SZ,20200826,14.6,14.61,14.28,14.37,14.6,-0.23,-1.5753,734117.72,1057274.169
000001.SZ,20200825,14.56,14.69,14.46,14.6,14.46,0.14,0.9682,748320.22,1090756.854
000001.SZ,20200824,14.5,14.71,14.41,14.46,14.45,0.01,0.0692,919448.86,1338031.969
000001.SZ,20200821,14.71,14.71,14.32,14.45,14.59,-0.14,-0.9596,1234517.33,1787278.581
000001.SZ,20200820,15.01,15.14,14.53,14.59,15.1,-0.51,-3.3775,1333801.62,1962605.013
000001.SZ,20200819,15.11,15.35,14.96,15.1,15.15,-0.05,-0.33,1420928.11,2154215.097
000001.SZ,20200818,15.2,15.3,14.91,15.15,15.19,-0.04,-0.2633,1350261.07,2033477.707
000001.SZ,20200817,14.6,15.35,14.55,15.19,14.47,0.72,4.9758,3268027.8,4923669.137
000001.SZ,20200814,14.1,14.51,14.06,14.47,14.18,0.29,2.0451,1103215.82,1578543.607
000001.SZ,20200813,14.4,14.46,14.14,14.18,14.38,-0.2,-1.3908,837261.75,1190139.725
000001.SZ,20200812,14.21,14.5,14.15,14.38,14.13,0.25,1.7693,1596811.7,2287731.088
000001.SZ,20200811,13.97,14.66,13.97,14.13,13.95,0.18,1.2903,2603307.89,3748036.828
000001.SZ,20200810,13.67,14.02,13.62,13.95,13.7,0.25,1.8248,1587710.35,2208568.316
000001.SZ,20200807,13.8,13.9,13.62,13.7,13.9,-0.2,-1.4388,988678.37,1356305.781
000001.SZ,20200806,13.82,13.96,13.65,13.9,13.76,0.14,1.0174,1352510.68,1868047.342
000001.SZ,20200805,13.82,13.85,13.62,13.76,14.04,-0.28,-1.9943,1440203.13,1980352.978
000001.SZ,20200804,13.66,14.15,13.48,14.04,13.59,0.45,3.3113,2445663.25,3388510.059
000001.SZ,20200803,13.47,13.62,13.43,13.59,13.34,0.25,1.8741,1445096.16,1954607.257
000001.SZ,20200731,13.28,13.53,13.25,13.34,13.37,-0.03,-0.2244,1165821.91,1559068.291
000001.SZ,20200730,13.5,13.51,13.37,13.37,13.54,-0.17,-1.2555,964067.63,1294444.933
000001.SZ,20200729,13.35,13.63,13.21,13.54,13.34,0.2,1.4993,1519580.25,2043847.472
000001.SZ,20200728,13.34,13.43,13.18,13.34,13.24,0.1,0.7553,1217005.99,1618089.558
000001.SZ,20200727,13.67,13.68,13.1,13.24,13.5,-0.26,-1.9259,1880653.35,2497551.472
000001.SZ,20200724,13.97,13.99,13.42,13.5,14.01,-0.51,-3.6403,1830881.83,2504647.111
000001.SZ,20200723,14.24,14.29,13.81,14.01,14.41,-0.4,-2.7759,2027525.87,2838535.21
000001.SZ,20200722,14.49,14.65,14.27,14.41,14.49,-0.08,-0.5521,1312951.59,1895447.229
000001.SZ,20200721,14.68,14.68,14.4,14.49,14.73,-0.24,-1.6293,1252865.69,1815570.3
000001.SZ,20200720,14.23,14.77,14.1,14.73,14.14,0.59,4.1726,1979632,2872758.056
000001.SZ,20200717,14.17,14.28,13.95,14.14,14.15,-0.01,-0.0707,1291346.77,1821043.927
000001.SZ,20200716,14.3,14.55,14.12,14.15,14.27,-0.12,-0.8409,1930891.29,2771496.391
000001.SZ,20200715,14.78,14.86,14.23,14.27,14.68,-0.41,-2.7929,2042562.83,2947173.149
000001.SZ,20200714,14.9,15.19,14.55,14.68,14.89,-0.21,-1.4103,1953566.27,2891773.817
000001.SZ,20200713,14.7,15.08,14.5,14.89,14.86,0.03,0.2019,1937160.12,2871414.844
000001.SZ,20200710,15.35,15.48,14.76,14.86,15.53,-0.67,-4.3142,2158773.26,3254272.377
000001.SZ,20200709,15.66,15.66,15.31,15.53,15.76,-0.23,-1.4594,2243994.4,3469517.329
000001.SZ,20200708,15.23,16,15.23,15.76,15.48,0.28,1.8088,2631339.16,4095447.757
000001.SZ,20200707,16.3,16.63,15.03,15.48,15.68,-0.2,-1.2755,3964427.47,6267919.683
000001.SZ,20200706,14.6,15.68,14.59,15.68,14.25,1.43,10.0351,4711460.78,7168653.356
000001.SZ,20200703,13.57,14.32,13.56,14.25,13.43,0.82,6.1057,3768333.63,5280918.011
000001.SZ,20200702,13.08,13.49,12.97,13.43,13.12,0.31,2.3628,2590501.19,3433511.084
000001.SZ,20200701,12.79,13.15,12.74,13.12,12.8,0.32,2.5,1697390.01,2202800.843
000001.SZ,20200630,12.83,12.88,12.72,12.8,12.8,0,0,937940.22,1199181.601
000001.SZ,20200629,12.92,12.97,12.71,12.8,12.8,0,0,1038480.06,1330678.288
000001.SZ,20200624,12.64,12.88,12.6,12.8,12.6,0.2,1.5873,1523220.48,1946329.095
000001.SZ,20200623,12.65,12.69,12.52,12.6,12.64,-0.04,-0.3165,990806.73,1248046.646
000001.SZ,20200622,12.74,12.76,12.62,12.64,12.8,-0.16,-1.25,1319079.79,1671023.278
000001.SZ,20200619,12.73,12.84,12.61,12.8,12.76,0.04,0.3135,1539521.78,1954584.919
000001.SZ,20200618,12.76,12.8,12.59,12.76,12.85,-0.09,-0.7004,1119647.8,1419972.017
000001.SZ,20200617,12.89,12.92,12.76,12.85,12.89,-0.04,-0.3103,716468.24,918251.153
000001.SZ,20200616,12.9,12.99,12.86,12.89,12.82,0.07,0.546,718059.1,927043.687
000001.SZ,20200615,12.85,12.97,12.8,12.82,12.99,-0.17,-1.3087,660313.07,850767.506
000001.SZ,20200612,12.9,13.02,12.87,12.99,13.08,-0.09,-0.6881,1030550.57,1331618.728
000001.SZ,20200611,13.38,13.39,13,13.08,13.49,-0.41,-3.0393,1349039.82,1774199.978
000001.SZ,20200610,13.71,13.71,13.4,13.49,13.67,-0.18,-1.3168,580476.2,781995.749
000001.SZ,20200609,13.64,13.73,13.53,13.67,13.62,0.05,0.3671,474300.07,646895.834
000001.SZ,20200608,13.68,13.85,13.58,13.62,13.59,0.03,0.2208,585971.9,802115.792
000001.SZ,20200605,13.6,13.62,13.43,13.59,13.57,0.02,0.1474,383026.9,517232.135
000001.SZ,20200604,13.53,13.64,13.41,13.57,13.54,0.03,0.2216,583066.33,788707.63
000001.SZ,20200603,13.64,13.88,13.5,13.54,13.55,-0.01,-0.0738,956803.08,1308782.294
000001.SZ,20200602,13.29,13.63,13.28,13.55,13.32,0.23,1.7267,883458.88,1194375.822
000001.SZ,20200601,13.1,13.39,13.08,13.32,13,0.32,2.4615,882960.55,1173619.006
000001.SZ,20200529,13.01,13.04,12.92,13,13.07,-0.07,-0.5356,457808.22,594502.123
000001.SZ,20200528,12.87,13.18,12.81,13.07,12.78,0.29,2.2692,960760.31,1255226.999
000001.SZ,20200527,13.05,13.19,12.96,13,13.04,-0.04,-0.3067,482962.94,630305.864
000001.SZ,20200526,13.02,13.07,12.94,13.04,12.96,0.08,0.6173,396212.4,515451.849
000001.SZ,20200525,12.97,12.98,12.76,12.96,12.92,0.04,0.3096,410170.78,528769.352
000001.SZ,20200522,13.33,13.34,12.92,12.92,13.4,-0.48,-3.5821,856237.33,1119433.491
000001.SZ,20200521,13.52,13.57,13.36,13.4,13.51,-0.11,-0.8142,552312,742797.057
000001.SZ,20200520,13.38,13.62,13.27,13.51,13.36,0.15,1.1228,690851.07,929928.885
000001.SZ,20200519,13.41,13.45,13.27,13.36,13.2,0.16,1.2121,600368.64,801755.671
000001.SZ,20200518,13.2,13.34,13.12,13.2,13.23,-0.03,-0.2268,637208.57,843479.669
000001.SZ,20200515,13.39,13.43,13.14,13.23,13.3,-0.07,-0.5263,756794.47,1004313.267
000001.SZ,20200514,13.55,13.59,13.22,13.3,13.63,-0.33,-2.4211,944672.09,1259440.848
000001.SZ,20200513,13.75,13.78,13.53,13.63,13.79,-0.16,-1.1603,640358.79,871062.043
000001.SZ,20200512,13.95,14.05,13.72,13.79,14,-0.21,-1.5,558511.14,772109.502
000001.SZ,20200511,13.92,14.13,13.9,14,13.95,0.05,0.3584,612862.29,859156.594
000001.SZ,20200508,13.76,14.02,13.68,13.95,13.69,0.26,1.8992,934781.7,1297924.588
000001.SZ,20200507,13.76,13.76,13.6,13.69,13.77,-0.08,-0.581,662749.23,904349.531
000001.SZ,20200506,13.76,13.89,13.61,13.77,13.93,-0.16,-1.1486,1008998.02,1382727.481
000001.SZ,20200430,14.02,14.32,13.88,13.93,14.02,-0.09,-0.6419,819540.43,1155968.238
000001.SZ,20200429,13.48,14.1,13.45,14.02,13.52,0.5,3.6982,1108722.39,1541638.203
000001.SZ,20200428,13.45,13.56,13.27,13.52,13.5,0.02,0.1481,771564.17,1038718.08
000001.SZ,20200427,13.3,13.64,13.25,13.5,13.24,0.26,1.9637,936829.9,1263809.737
000001.SZ,20200424,13.17,13.28,13.11,13.24,13.23,0.01,0.0756,566001.61,747473.77
000001.SZ,20200423,13.23,13.31,13.11,13.23,13.23,0,0,646989.63,855052.11
000001.SZ,20200422,13.37,13.42,13.16,13.23,13.45,-0.22,-1.6357,1032802.74,1368222.854
000001.SZ,20200421,13.3,13.7,13.3,13.45,12.99,0.46,3.5412,2122448.34,2861879.086
000001.SZ,20200420,12.86,13.05,12.77,12.99,12.89,0.1,0.7758,818455.83,1058524.019
000001.SZ,20200417,12.77,13.04,12.65,12.89,12.68,0.21,1.6562,1331164.77,1713215.766
000001.SZ,20200416,12.79,12.79,12.54,12.68,12.87,-0.19,-1.4763,789154.98,997623.816
000001.SZ,20200415,12.86,12.93,12.78,12.87,12.86,0.01,0.0778,656396.4,843649.273
000001.SZ,20200414,12.65,12.86,12.57,12.86,12.59,0.27,2.1446,686086.87,874856.562
000001.SZ,20200413,12.67,12.71,12.47,12.59,12.79,-0.2,-1.5637,446214.4,562008.05
000001.SZ,20200410,12.76,12.98,12.65,12.79,12.74,0.05,0.3925,666674.95,853689.95
000001.SZ,20200409,12.88,12.89,12.72,12.74,12.78,-0.04,-0.313,408553.77,522027.888
000001.SZ,20200408,12.88,12.92,12.72,12.78,12.88,-0.1,-0.7764,528716.14,676604.872
000001.SZ,20200407,12.89,12.94,12.81,12.88,12.61,0.27,2.1412,870313.71,1121200.115
000001.SZ,20200403,12.82,12.89,12.55,12.61,12.97,-0.36,-2.7756,825348.14,1047282.4
000001.SZ,20200402,12.75,12.97,12.66,12.97,12.89,0.08,0.6206,518365.04,663197.628
000001.SZ,20200401,12.86,13.13,12.82,12.89,12.8,0.09,0.7031,520836.04,676070.117
000001.SZ,20200331,13.05,13.09,12.78,12.8,12.94,-0.14,-1.0819,513370.3,662915.471
000001.SZ,20200330,12.85,13.04,12.76,12.94,13.15,-0.21,-1.597,661738.79,852956.24
000001.SZ,20200327,13.25,13.38,13.08,13.15,13.06,0.09,0.6891,653018.88,861618.663
000001.SZ,20200326,12.78,13.34,12.72,13.06,12.87,0.19,1.4763,1075192.43,1408651.057
000001.SZ,20200325,12.88,13.07,12.7,12.87,12.61,0.26,2.0619,1136957.74,1467534.956
000001.SZ,20200324,12.4,12.68,12.27,12.61,12.15,0.46,3.786,1180200.26,1472909.399
000001.SZ,20200323,12,12.35,11.93,12.15,12.52,-0.37,-2.9553,1071113.64,1300469.494
000001.SZ,20200320,12.4,12.68,12.26,12.52,12.23,0.29,2.3712,1578352.96,1967487.818
000001.SZ,20200319,12.68,12.74,11.91,12.23,12.71,-0.48,-3.7766,1891457.13,2313863.663
000001.SZ,20200318,13.41,13.55,12.65,12.71,13.41,-0.7,-5.22,1384784.37,1816836.893
000001.SZ,20200317,13.75,13.97,13.13,13.41,13.75,-0.34,-2.4727,1177849.06,1582506.075
000001.SZ,20200316,14.45,14.46,13.75,13.75,14.52,-0.77,-5.303,1406202.18,1975824.191
000001.SZ,20200313,13.9,14.58,13.9,14.52,14.68,-0.16,-1.0899,1169765.8,1669009.835
000001.SZ,20200312,14.65,14.84,14.53,14.68,14.69,-0.01,-0.0681,986497.11,1447436.641
000001.SZ,20200311,14.77,14.88,14.62,14.69,14.76,-0.07,-0.4743,814381.64,1201250.682
000001.SZ,20200310,14.38,14.85,14.38,14.76,14.45,0.31,2.1453,1167864.97,1709084.565
000001.SZ,20200309,14.71,14.73,14.42,14.45,15.03,-0.58,-3.8589,1665793.54,2420392.13
000001.SZ,20200306,15.18,15.27,15.02,15.03,15.39,-0.36,-2.3392,1228531.03,1858691.259
000001.SZ,20200305,14.8,15.64,14.73,15.39,14.69,0.7,4.7651,2686602.34,4089493.523
000001.SZ,20200304,14.68,14.78,14.51,14.69,14.72,-0.03,-0.2038,862595.23,1261123.063
000001.SZ,20200303,14.96,14.99,14.63,14.72,14.79,-0.07,-0.4733,1153584.32,1705816.271
000001.SZ,20200302,14.55,14.95,14.46,14.79,14.5,0.29,2,1116580.66,1647432.269
000001.SZ,20200228,14.85,15.04,14.46,14.5,15.11,-0.61,-4.0371,1300644.45,1906892.413
000001.SZ,20200227,14.96,15.15,14.89,15.11,14.99,0.12,0.8005,975270.9,1464605.739
000001.SZ,20200226,14.77,15.27,14.7,14.99,15.04,-0.05,-0.3324,1176599.15,1769612.245
000001.SZ,20200225,15,15.13,14.78,15.04,15.23,-0.19,-1.2475,1144575.02,1710369.786
000001.SZ,20200224,15.46,15.46,15.15,15.23,15.58,-0.35,-2.2465,1191794.5,1820183.854
000001.SZ,20200221,15.49,15.72,15.45,15.58,15.59,-0.01,-0.0641,995071.02,1546692.93
000001.SZ,20200220,15.27,15.62,15.1,15.59,15.24,0.35,2.2966,1235444.34,1897923.029
000001.SZ,20200219,15.1,15.37,15.08,15.24,15.2,0.04,0.2632,874106.93,1333730.218
000001.SZ,20200218,15.33,15.33,15.01,15.2,15.37,-0.17,-1.1061,973612.35,1478274.222
000001.SZ,20200217,15.04,15.37,14.93,15.37,15.03,0.34,2.2621,1543696.01,2337993.586
000001.SZ,20200214,14.75,15.14,14.7,15.03,14.65,0.38,2.5939,1512434.73,2253906.452
000001.SZ,20200213,14.71,14.88,14.61,14.65,14.77,-0.12,-0.8125,1013205.28,1491327.713
000001.SZ,20200212,14.79,14.82,14.6,14.77,14.79,-0.02,-0.1352,1070503.21,1573229.042
000001.SZ,20200211,14.6,14.94,14.56,14.79,14.5,0.29,2,1407507.44,2077194.138
000001.SZ,20200210,14.51,14.53,14.3,14.5,14.62,-0.12,-0.8208,1339495.24,1931983.482
000001.SZ,20200207,14.6,14.69,14.41,14.62,14.77,-0.15,-1.0156,924852.96,1345053.255
000001.SZ,20200206,14.81,14.87,14.51,14.77,14.63,0.14,0.9569,1185815.72,1740107.625
000001.SZ,20200205,14.59,14.89,14.32,14.63,14.6,0.03,0.2055,1491380.21,2177632.043
000001.SZ,20200204,14.05,14.66,14.02,14.6,13.99,0.61,4.3603,1706172.07,2442932.842
000001.SZ,20200203,13.99,14.7,13.99,13.99,15.54,-1.55,-9.9743,2259194.83,3201454.164
000001.SZ,20200123,15.92,15.92,15.39,15.54,16.09,-0.55,-3.4183,1100592.07,1723394.336
000001.SZ,20200122,15.92,16.16,15.71,16.09,16,0.09,0.5625,719464.91,1150933.398
000001.SZ,20200121,16.34,16.34,15.93,16,16.45,-0.45,-2.7356,896603.1,1442171.431
000001.SZ,20200120,16.43,16.61,16.35,16.45,16.39,0.06,0.3661,746074.75,1226464.649
000001.SZ,20200117,16.38,16.55,16.35,16.39,16.33,0.06,0.3674,605436.69,995909.007
000001.SZ,20200116,16.52,16.57,16.2,16.33,16.52,-0.19,-1.1501,1028104.67,1678888.507
000001.SZ,20200115,16.79,16.86,16.45,16.52,16.76,-0.24,-1.432,859439.12,1424889.228
000001.SZ,20200114,16.99,17.27,16.76,16.76,16.99,-0.23,-1.3537,1304493.66,2217608.852
000001.SZ,20200113,16.75,17.03,16.61,16.99,16.69,0.3,1.7975,872133.36,1468271.683
000001.SZ,20200110,16.79,16.81,16.52,16.69,16.79,-0.1,-0.5956,585548.45,975154.818
000001.SZ,20200109,16.81,16.93,16.53,16.79,16.66,0.13,0.7803,1031636.65,1725326.806
000001.SZ,20200108,17,17.05,16.63,16.66,17.15,-0.49,-2.8571,847824.12,1423608.811
000001.SZ,20200107,17.13,17.28,16.95,17.15,17.07,0.08,0.4687,728607.56,1247047.135
000001.SZ,20200106,17.01,17.34,16.91,17.07,17.18,-0.11,-0.6403,862083.5,1477930.193
000001.SZ,20200103,16.94,17.31,16.92,17.18,16.87,0.31,1.8376,1116194.81,1914495.474
000001.SZ,20200102,16.65,16.95,16.55,16.87,16.45,0.42,2.5532,1530231.87,2571196.482
000001.SZ,20191231,16.57,16.63,16.31,16.45,16.57,-0.12,-0.7242,704442.25,1154704.348
000001.SZ,20191230,16.46,16.63,16.1,16.57,16.63,-0.06,-0.3608,976970.31,1603152.786
000001.SZ,20191227,16.53,16.93,16.43,16.63,16.47,0.16,0.9715,1042574.72,1741473.179
000001.SZ,20191226,16.34,16.48,16.32,16.47,16.3,0.17,1.0429,372033.86,610381.757
000001.SZ,20191225,16.45,16.56,16.24,16.3,16.4,-0.1,-0.6098,414917.98,679664.596
000001.SZ,20191224,16.23,16.5,16.23,16.4,16.24,0.16,0.9852,459128.42,752351.618
000001.SZ,20191223,16.68,16.68,16.17,16.24,16.59,-0.35,-2.1097,715792.72,1173372.08
000001.SZ,20191220,16.55,16.68,16.44,16.59,16.55,0.04,0.2417,644478.38,1067869.779
000001.SZ,20191219,16.55,16.74,16.44,16.55,16.46,0.09,0.5468,675536.76,1119925.969
000001.SZ,20191218,16.43,16.66,16.41,16.46,16.5,-0.04,-0.2424,797091.33,1317608.543
000001.SZ,20191217,16,16.63,15.98,16.5,16.13,0.37,2.2939,1203104.9,1969891.323
000001.SZ,20191216,16.12,16.14,15.87,16.13,16.12,0.01,0.062,787952.34,1262802.471
000001.SZ,20191213,15.85,16.12,15.77,16.12,15.6,0.52,3.3333,1053103.81,1680707.282
000001.SZ,20191212,15.66,15.67,15.53,15.6,15.66,-0.06,-0.3831,478998.82,747519.511
000001.SZ,20191211,15.38,15.68,15.3,15.66,15.33,0.33,2.1526,871505.19,1351786.53
000001.SZ,20191210,15.36,15.38,15.25,15.33,15.41,-0.08,-0.5191,556383.88,851377.532
000001.SZ,20191209,15.62,15.62,15.35,15.41,15.6,-0.19,-1.2179,605992.89,935135.952
000001.SZ,20191206,15.47,15.72,15.46,15.6,15.43,0.17,1.1017,712615.24,1109423.061
000001.SZ,20191205,15.35,15.48,15.3,15.43,15.31,0.12,0.7838,557084.46,857682.575
000001.SZ,20191204,15.34,15.41,15.21,15.31,15.45,-0.14,-0.9061,524545.27,802110.334
000001.SZ,20191203,15.3,15.46,15.21,15.45,15.36,0.09,0.5859,455418.05,700293.548
000001.SZ,20191202,15.35,15.43,15.23,15.36,15.29,0.07,0.4578,553877.38,849784.129
000001.SZ,20191129,15.54,15.55,15.18,15.29,15.49,-0.2,-1.2912,653866.91,1001451.096
000001.SZ,20191128,15.47,15.54,15.44,15.49,15.47,0.02,0.1293,378016.51,585252.046
000001.SZ,20191127,15.64,15.64,15.39,15.47,15.62,-0.15,-0.9603,476169.98,736584.294
000001.SZ,20191126,15.89,15.89,15.49,15.62,15.8,-0.18,-1.1392,815297.53,1271594.662
000001.SZ,20191125,15.64,15.84,15.54,15.8,15.59,0.21,1.347,783257.94,1233388.886
000001.SZ,20191122,15.89,15.92,15.55,15.59,15.86,-0.27,-1.7024,773473.54,1216064.537
000001.SZ,20191121,15.75,15.87,15.63,15.86,15.85,0.01,0.0631,772563.24,1218516.399
000001.SZ,20191120,16.3,16.3,15.77,15.85,16.41,-0.56,-3.4126,1724383.53,2747598.383
000001.SZ,20191119,16.45,16.48,16.31,16.41,16.45,-0.04,-0.2432,562120.4,920998.203
000001.SZ,20191118,16.35,16.55,16.23,16.45,16.34,0.11,0.6732,557918.41,915983.935
000001.SZ,20191115,16.39,16.55,16.24,16.34,16.32,0.02,0.1225,569227.98,933539.572
000001.SZ,20191114,16.43,16.48,16.25,16.32,16.33,-0.01,-0.0612,468899.55,767006.342
000001.SZ,20191113,16.29,16.46,16.06,16.33,16.33,0,0,655120.65,1067975.601
000001.SZ,20191112,16.29,16.37,16.16,16.33,16.28,0.05,0.3071,516266.4,840769.286
000001.SZ,20191111,16.5,16.53,16.2,16.28,16.65,-0.37,-2.2222,953515.63,1556517.253
000001.SZ,20191108,16.98,17.02,16.64,16.65,16.89,-0.24,-1.421,849139.24,1421088.326
000001.SZ,20191107,16.93,17.07,16.75,16.89,16.96,-0.07,-0.4127,711896.99,1200671.649
000001.SZ,20191106,17.06,17.26,16.88,16.96,17.15,-0.19,-1.1079,863325.36,1470233.502
000001.SZ,20191105,16.8,17.44,16.79,17.15,16.92,0.23,1.3593,1172485.89,2010924.199
000001.SZ,20191104,16.98,17.25,16.77,16.92,16.86,0.06,0.3559,889824.25,1507910.818
000001.SZ,20191101,16.35,17,16.28,16.86,16.26,0.6,3.69,1254655.44,2096068.96
000001.SZ,20191031,16.42,16.47,16.24,16.26,16.43,-0.17,-1.0347,862569.3,1407006.434
000001.SZ,20191030,16.8,16.96,16.42,16.43,16.91,-0.48,-2.8386,854317.17,1420644.944
000001.SZ,20191029,16.69,16.93,16.56,16.91,16.66,0.25,1.5006,788864.73,1322036.352
000001.SZ,20191028,16.98,17.04,16.48,16.66,16.88,-0.22,-1.3033,1070131.13,1780873.358
000001.SZ,20191025,16.78,16.96,16.58,16.88,16.87,0.01,0.0593,691435.76,1161100.08
000001.SZ,20191024,16.5,17,16.44,16.87,16.45,0.42,2.5532,1109214.77,1861032.918
000001.SZ,20191023,16.32,16.67,16.23,16.45,16.42,0.03,0.1827,967534.59,1590781.971
000001.SZ,20191022,16.91,16.93,16.03,16.42,16.89,-0.47,-2.7827,1883531.43,3072547.165
000001.SZ,20191021,16.43,16.97,16.43,16.89,16.51,0.38,2.3016,945952.25,1589276.085
000001.SZ,20191018,16.8,17.04,16.43,16.51,16.7,-0.19,-1.1377,1196799.14,1999012.671
000001.SZ,20191017,16.9,17,16.55,16.7,16.79,-0.09,-0.536,1126182.22,1887045.621
000001.SZ,20191016,17.26,17.44,16.63,16.79,17.18,-0.39,-2.2701,1267671.21,2146150.627
000001.SZ,20191015,17.25,17.35,16.82,17.18,17.22,-0.04,-0.2323,881955.42,1503633.369
000001.SZ,20191014,16.97,17.6,16.92,17.22,16.81,0.41,2.439,1557637.45,2688929.547
000001.SZ,20191011,16.2,16.95,16.2,16.81,16.24,0.57,3.5099,1405422.82,2335030.599
000001.SZ,20191010,16.27,16.27,15.99,16.24,16.25,-0.01,-0.0615,879746.62,1418751.875
000001.SZ,20191009,16.1,16.52,16.02,16.25,16.2,0.05,0.3086,1316693.41,2145061.763
000001.SZ,20191008,15.6,16.23,15.6,16.2,15.59,0.61,3.9128,1386676.36,2225024.598
000001.SZ,20190930,15.75,15.89,15.57,15.59,15.9,-0.31,-1.9497,1046363.17,1645828.526
000001.SZ,20190927,15.85,16,15.7,15.9,15.71,0.19,1.2094,1007706.27,1598567.052
000001.SZ,20190926,15.86,16.04,15.66,15.71,15.75,-0.04,-0.254,1686592.58,2673096.951
000001.SZ,20190925,15.2,15.85,15.19,15.75,15.18,0.57,3.7549,1938892.72,3024598.93
000001.SZ,20190924,15.47,15.54,15.18,15.18,15.38,-0.2,-1.3004,1129103.24,1726238.272
000001.SZ,20190923,15.34,15.47,15.18,15.38,15.34,0.04,0.2608,1403282,2148740.448
000001.SZ,20190920,14.95,15.4,14.93,15.34,14.84,0.5,3.3693,2644285.14,4020646.521
000001.SZ,20190919,14.48,14.89,14.48,14.84,14.41,0.43,2.984,1884020.83,2777383.508
000001.SZ,20190918,14.24,14.48,14.24,14.41,14.24,0.17,1.1938,820436.33,1179079.988
000001.SZ,20190917,14.36,14.45,14.18,14.24,14.45,-0.21,-1.4533,882655.75,1261416.554
000001.SZ,20190916,14.7,14.72,14.4,14.45,14.68,-0.23,-1.5668,929894.14,1349401.481
000001.SZ,20190912,14.66,14.78,14.53,14.68,14.56,0.12,0.8242,1150687.64,1682911.849
000001.SZ,20190911,14.6,14.71,14.46,14.56,14.55,0.01,0.0687,818614.21,1192674.258
000001.SZ,20190910,14.6,14.64,14.41,14.55,14.69,-0.14,-0.953,796870.64,1155180.739
000001.SZ,20190909,14.98,15,14.6,14.69,14.81,-0.12,-0.8103,1299839.14,1918042.303
000001.SZ,20190906,14.71,14.81,14.62,14.81,14.58,0.23,1.5775,986432.8,1451264.912
000001.SZ,20190905,14.56,14.85,14.55,14.58,14.44,0.14,0.9695,1768051.43,2599478.258
000001.SZ,20190904,14.32,14.5,14.31,14.44,14.3,0.14,0.979,973964.87,1404037.295
000001.SZ,20190903,14.48,14.51,14.25,14.3,14.45,-0.15,-1.0381,858653.65,1230606.485
000001.SZ,20190902,14.15,14.5,14.11,14.45,14.16,0.29,2.048,1360201.3,1955673.136
000001.SZ,20190830,14.29,14.39,14.1,14.16,14.13,0.03,0.2123,798500.57,1136119.659
000001.SZ,20190829,14.22,14.24,14.08,14.13,14.27,-0.14,-0.9811,609034.34,861177.482
000001.SZ,20190828,14.26,14.28,14.05,14.27,14.31,-0.04,-0.2795,829657.68,1176329.095
000001.SZ,20190827,14.36,14.48,14.24,14.31,14.25,0.06,0.4211,1356713.37,1948127.123
000001.SZ,20190826,14.42,14.5,14.15,14.25,14.65,-0.4,-2.7304,1415122.54,2018498.039
000001.SZ,20190823,14.37,14.74,14.35,14.65,14.31,0.34,2.376,1636867.68,2388239.081
000001.SZ,20190822,14.4,14.45,14.2,14.31,14.45,-0.14,-0.9689,1353071.58,1935208.499
000001.SZ,20190821,14.87,14.89,14.38,14.45,14.99,-0.54,-3.6024,1990131.95,2902251.1
000001.SZ,20190820,14.92,15.2,14.77,14.99,14.92,0.07,0.4692,1921041.5,2872304.2
000001.SZ,20190819,14.91,14.94,14.52,14.92,14.9,0.02,0.1342,2292956.13,3368207.935
000001.SZ,20190816,15.09,15.14,14.78,14.9,14.94,-0.04,-0.2677,986902.93,1474900.257
000001.SZ,20190815,14.64,14.96,14.6,14.94,14.97,-0.03,-0.2004,897376.26,1333117.725
000001.SZ,20190814,15.14,15.22,14.8,14.97,14.89,0.08,0.5373,1360546.54,2038261.151
000001.SZ,20190813,15,15.08,14.74,14.89,15.12,-0.23,-1.5212,1293736.44,1925835.288
000001.SZ,20190812,14.61,15.12,14.6,15.12,14.52,0.6,4.1322,2733425.47,4084497.902
000001.SZ,20190809,14.55,14.85,14.43,14.52,14.38,0.14,0.9736,2060575.13,3021884.306
000001.SZ,20190808,13.9,14.5,13.85,14.38,13.54,0.84,6.2038,2330715.04,3313302.1
000001.SZ,20190807,13.49,13.64,13.37,13.54,13.37,0.17,1.2715,793038.99,1070736.943
000001.SZ,20190806,13.1,13.46,13.03,13.37,13.35,0.02,0.1498,882499.13,1166971.469
000001.SZ,20190805,13.6,13.64,13.27,13.35,13.74,-0.39,-2.8384,893082.42,1201885.399
000001.SZ,20190802,13.77,13.88,13.66,13.74,14.1,-0.36,-2.5532,969926.46,1333400.773
000001.SZ,20190801,14.06,14.19,13.94,14.1,14.13,-0.03,-0.2123,527981.28,742308.285
000001.SZ,20190731,14.3,14.32,14.08,14.13,14.37,-0.24,-1.6701,634723.48,899227.865
000001.SZ,20190730,14.31,14.55,14.29,14.37,14.29,0.08,0.5598,796634.32,1148582.412
000001.SZ,20190729,14.25,14.45,14.18,14.29,14.23,0.06,0.4216,715576.19,1023261.763
000001.SZ,20190726,14.18,14.25,14.08,14.23,14.2,0.03,0.2113,635305.71,901074.107
000001.SZ,20190725,13.92,14.27,13.85,14.2,13.88,0.32,2.3055,1087826.41,1534889.645
000001.SZ,20190724,13.87,14.01,13.79,13.88,13.76,0.12,0.8721,570276.22,793387.782
000001.SZ,20190723,13.86,13.87,13.65,13.76,13.85,-0.09,-0.6498,504004.23,692328.447
000001.SZ,20190722,13.96,14.02,13.76,13.85,13.99,-0.14,-1.0007,582283.3,807249.426
000001.SZ,20190719,13.74,14.08,13.68,13.99,13.67,0.32,2.3409,866390.7,1207316.526
000001.SZ,20190718,13.65,13.81,13.56,13.67,13.69,-0.02,-0.1461,422826.22,578067.487
000001.SZ,20190717,13.7,13.81,13.61,13.69,13.75,-0.06,-0.4364,410020.63,561944.451
000001.SZ,20190716,13.97,13.99,13.71,13.75,14,-0.25,-1.7857,722780.79,998151.578
000001.SZ,20190715,14.03,14.12,13.84,14,14.12,-0.12,-0.8499,841282.76,1175798.104
000001.SZ,20190712,13.6,14.23,13.58,14.12,13.54,0.58,4.2836,1465366.52,2055749.881
000001.SZ,20190711,13.68,13.78,13.53,13.54,13.56,-0.02,-0.1475,484183.14,660588.299
000001.SZ,20190710,13.61,13.7,13.49,13.56,13.59,-0.03,-0.2208,358220.79,487071.876
000001.SZ,20190709,13.63,13.71,13.44,13.59,13.59,0,0,494296.11,670391.72
000001.SZ,20190708,13.82,13.88,13.45,13.59,13.92,-0.33,-2.3707,778413.9,1061095.712
000001.SZ,20190705,13.95,13.98,13.69,13.92,13.99,-0.07,-0.5004,749196.09,1037357.175
000001.SZ,20190704,14.01,14.28,13.88,13.99,14.01,-0.02,-0.1428,621292.52,873624.287
000001.SZ,20190703,14.18,14.21,13.87,14.01,14.18,-0.17,-1.1989,769078.49,1076744.4
000001.SZ,20190702,13.88,14.24,13.86,14.18,13.93,0.25,1.7947,1052744.86,1481211.353
000001.SZ,20190701,14.01,14.18,13.87,13.93,13.78,0.15,1.0885,960636,1347792.874
000001.SZ,20190628,13.73,13.79,13.58,13.78,13.71,0.07,0.5106,498093.69,682679.97
000001.SZ,20190627,13.5,13.85,13.45,13.71,13.37,0.34,2.543,925074.94,1270042.461
000001.SZ,20190626,13.27,13.5,13.19,13.37,13.29,0.08,0.602,546504.76,731207.282
000001.SZ,20190625,13.72,13.72,13.07,13.43,13.69,-0.26,-1.8992,1469227.07,1954855.785
000001.SZ,20190624,13.69,13.83,13.61,13.69,13.64,0.05,0.3666,659572.85,904433.349
000001.SZ,20190621,13.76,13.87,13.58,13.64,13.8,-0.16,-1.1594,1011129.15,1384099.587
000001.SZ,20190620,13.17,13.95,13.12,13.8,13.07,0.73,5.5853,1529191.47,2083209.238
000001.SZ,20190619,13.29,13.39,13.01,13.07,12.8,0.27,2.1094,1143226.39,1504997.837
000001.SZ,20190618,12.67,12.85,12.59,12.8,12.67,0.13,1.026,483555.12,616237.571
000001.SZ,20190617,12.48,12.79,12.48,12.67,12.49,0.18,1.4412,619815.88,786223.58
000001.SZ,20190614,12.59,12.69,12.45,12.49,12.59,-0.1,-0.7943,483191.73,606815.214
000001.SZ,20190613,12.54,12.68,12.43,12.59,12.57,0.02,0.1591,530000.26,666277.695
000001.SZ,20190612,12.63,12.66,12.44,12.57,12.65,-0.08,-0.6324,657310.18,825178.004
000001.SZ,20190611,12.34,12.72,12.3,12.65,12.34,0.31,2.5122,1251087.51,1574105.212
000001.SZ,20190610,12.01,12.47,11.98,12.34,11.92,0.42,3.5235,1144668.82,1404223.62
000001.SZ,20190606,11.97,12.07,11.89,11.92,11.97,-0.05,-0.4177,433665.26,519425.127
000001.SZ,20190605,11.97,12.14,11.92,11.97,11.85,0.12,1.0127,748892.31,899331.716
000001.SZ,20190604,11.89,11.94,11.6,11.85,11.9,-0.05,-0.4202,974655.34,1147709.578
000001.SZ,20190603,12.22,12.33,11.82,11.9,12.18,-0.28,-2.2989,1512719.05,1816591.876
000001.SZ,20190531,12.16,12.4,12.11,12.18,12.22,-0.04,-0.3273,686794.39,839375.709
000001.SZ,20190530,12.32,12.38,12.11,12.22,12.4,-0.18,-1.4516,646284.65,787801.007
000001.SZ,20190529,12.36,12.59,12.26,12.4,12.49,-0.09,-0.7206,666411.5,827828.661
000001.SZ,20190528,12.31,12.55,12.26,12.49,12.37,0.12,0.9701,880703.12,1094063.186
000001.SZ,20190527,12.21,12.42,11.93,12.37,12.35,0.02,0.1619,1048425.98,1275632.724
000001.SZ,20190524,12.35,12.45,12.31,12.35,12.29,0.06,0.4882,495526.2,613106.248
000001.SZ,20190523,12.24,12.42,12.14,12.29,12.4,-0.11,-0.8871,666855.43,817850.53
000001.SZ,20190522,12.57,12.57,12.32,12.4,12.56,-0.16,-1.2739,506230.72,628437.47
000001.SZ,20190521,12.4,12.73,12.36,12.56,12.38,0.18,1.454,731210.51,919191.24
000001.SZ,20190520,12.35,12.54,12.25,12.38,12.44,-0.06,-0.4823,786435.18,971222.474
000001.SZ,20190517,12.92,12.93,12.36,12.44,12.85,-0.41,-3.1907,965000.85,1208569.909
000001.SZ,20190516,12.93,12.99,12.78,12.85,12.92,-0.07,-0.5418,634901.43,816740.932
000001.SZ,20190515,12.58,13.11,12.57,12.92,12.49,0.43,3.4428,1103988.51,1417050.112
000001.SZ,20190514,12.2,12.75,12.16,12.49,12.3,0.19,1.5447,1182598.19,1477008.362
000001.SZ,20190513,12.33,12.54,12.23,12.3,12.68,-0.38,-2.9968,741917.79,916213.719
000001.SZ,20190510,12.34,12.75,12.1,12.68,12.16,0.52,4.2763,1192399.08,1489975.624
000001.SZ,20190509,12.52,12.58,12.05,12.16,12.6,-0.44,-3.4921,1557151.61,1904905.488
000001.SZ,20190508,12.72,12.91,12.5,12.6,12.95,-0.35,-2.7027,975450.81,1236655.982
000001.SZ,20190507,13.03,13.09,12.72,12.95,12.87,0.08,0.6216,1072658.41,1386247.078
000001.SZ,20190506,13.1,13.35,12.71,12.87,13.85,-0.98,-7.0758,2108667.84,2742409.411
000001.SZ,20190430,13.99,14.05,13.59,13.85,14.1,-0.25,-1.773,1116570.27,1542958.577
000001.SZ,20190429,13.9,14.33,13.86,14.1,13.79,0.31,2.248,1030695.75,1450714.134
000001.SZ,20190426,14.08,14.25,13.7,13.79,14.13,-0.34,-2.4062,1009421.24,1407987.365
000001.SZ,20190425,14.38,14.64,14.13,14.13,14.44,-0.31,-2.1468,1111476.37,1597895.217
000001.SZ,20190424,14.45,14.6,14.16,14.44,14.07,0.37,2.6297,1949723.63,2811131.027
000001.SZ,20190423,14.1,14.2,13.97,14.07,14.15,-0.08,-0.5654,940687.34,1326465.625
000001.SZ,20190422,14.6,14.84,14.08,14.15,14.73,-0.58,-3.9375,1322273.9,1899850.004
000001.SZ,20190419,14.45,14.8,14.3,14.73,14.34,0.39,2.7197,1246036.09,1814875.936
000001.SZ,20190418,14.3,14.37,14.11,14.34,14.35,-0.01,-0.0697,507045.3,721908.8
000001.SZ,20190417,14.42,14.59,14.23,14.35,14.58,-0.23,-1.5775,1004109.87,1443493.493
000001.SZ,20190416,13.67,14.58,13.55,14.58,13.69,0.89,6.5011,2379375.18,3379550.307
000001.SZ,20190415,13.72,14.09,13.66,13.69,13.42,0.27,2.0119,1533890.68,2134708.981
000001.SZ,20190412,13.49,13.59,13.21,13.42,13.54,-0.12,-0.8863,774324.64,1035139.673
000001.SZ,20190411,13.73,13.96,13.49,13.54,13.73,-0.19,-1.3838,655356.62,897382.236
000001.SZ,20190410,13.75,13.88,13.4,13.73,13.81,-0.08,-0.5793,947135.06,1289475.602
000001.SZ,20190409,13.87,13.98,13.75,13.81,13.96,-0.15,-1.0745,781332.38,1080549.202
000001.SZ,20190408,13.9,14.43,13.72,13.96,13.86,0.1,0.7215,1743176.2,2464536.241
000001.SZ,20190404,13.43,14,13.43,13.86,13.44,0.42,3.125,2034365,2796366.353
000001.SZ,20190403,13.21,13.45,13.15,13.44,13.36,0.08,0.5988,792915.79,1056166.231
000001.SZ,20190402,13.28,13.48,13.23,13.36,13.18,0.18,1.3657,1100384.04,1466040.987
000001.SZ,20190401,12.83,13.55,12.83,13.18,12.82,0.36,2.8081,1951401.19,2588268.668
000001.SZ,20190329,12.26,12.82,12.21,12.82,12.22,0.6,4.91,1669506.47,2108295.393
000001.SZ,20190328,12.31,12.31,12.1,12.22,12.38,-0.16,-1.2924,732467.44,892530.627
000001.SZ,20190327,12.24,12.47,12.18,12.38,12.1,0.28,2.314,922826.8,1138302.657
000001.SZ,20190326,12.23,12.29,12.01,12.1,12.11,-0.01,-0.0826,935393.27,1136721.266
000001.SZ,20190325,12.4,12.4,12.1,12.11,12.59,-0.48,-3.8125,1179883.26,1445560.16
000001.SZ,20190322,12.69,12.74,12.5,12.59,12.69,-0.1,-0.788,713502.06,898629.416
000001.SZ,20190321,12.77,12.8,12.58,12.69,12.75,-0.06,-0.4706,860140.8,1092506.482
000001.SZ,20190320,12.68,12.88,12.62,12.75,12.79,-0.04,-0.3127,929996.38,1185477.058
000001.SZ,20190319,12.92,12.94,12.61,12.79,12.91,-0.12,-0.9295,957196.46,1221118.294
000001.SZ,20190318,12.53,12.94,12.32,12.91,12.5,0.41,3.28,1486454.8,1882483.633
000001.SZ,20190315,12.34,12.68,12.34,12.5,12.43,0.07,0.5632,1045406.03,1311323.009
000001.SZ,20190314,12.33,12.62,12.27,12.43,12.37,0.06,0.485,1057467.9,1316372.926
000001.SZ,20190313,12.34,12.55,12.13,12.37,12.36,0.01,0.0809,1269427.16,1568387.543
000001.SZ,20190312,12.49,12.64,12.24,12.36,12.32,0.04,0.3247,1411794.92,1757797.25
000001.SZ,20190311,12.3,12.49,12.05,12.32,12.3,0.02,0.1626,1157650.77,1416000.379
000001.SZ,20190308,12.49,12.7,12.25,12.3,12.74,-0.44,-3.4537,1778162.1,2214572.416
000001.SZ,20190307,13.06,13.06,12.55,12.74,13.08,-0.34,-2.5994,1782057.31,2274151.007
000001.SZ,20190306,13.06,13.15,12.84,13.08,13.06,0.02,0.1531,1245760.2,1614670.974
000001.SZ,20190305,12.91,13.29,12.84,13.06,12.99,0.07,0.5389,1408422.22,1838251.656
000001.SZ,20190304,12.7,13.38,12.62,12.99,12.76,0.23,1.8025,2456830.39,3195011.702
000001.SZ,20190301,12.48,12.78,12.2,12.76,12.36,0.4,3.2362,1712679.16,2137669.556
000001.SZ,20190228,12.44,12.61,12.27,12.36,12.4,-0.04,-0.3226,1113099.8,1383110.81
000001.SZ,20190227,12.24,12.66,12.15,12.4,12.2,0.2,1.6393,1979013.88,2454404.411
000001.SZ,20190226,12.55,12.57,12.15,12.2,12.55,-0.35,-2.7888,2017544.93,2485673.356
000001.SZ,20190225,11.7,12.64,11.57,12.55,11.54,1.01,8.7522,2824935.02,3415946.86
000001.SZ,20190222,11.35,11.57,11.15,11.54,11.36,0.18,1.5845,1184047.79,1343020.336
000001.SZ,20190221,11.38,11.55,11.28,11.36,11.41,-0.05,-0.4382,754246.48,860591.07
000001.SZ,20190220,11.33,11.53,11.25,11.41,11.27,0.14,1.2422,832629.87,949430.819
000001.SZ,20190219,11.36,11.62,11.24,11.27,11.36,-0.09,-0.7923,1270882.04,1445281.382
000001.SZ,20190218,11.05,11.36,11.04,11.36,10.95,0.41,3.7443,1255522.21,1408279.68
000001.SZ,20190215,11.23,11.23,10.9,10.95,11.25,-0.3,-2.6667,1100127.46,1213914.428
000001.SZ,20190214,11.3,11.33,11.19,11.25,11.38,-0.13,-1.1424,869185.19,977818.097
000001.SZ,20190213,11.19,11.41,11.12,11.38,11.19,0.19,1.6979,1137365.74,1280182.096
000001.SZ,20190212,11.2,11.31,11.03,11.19,11.21,-0.02,-0.1784,959936.9,1071873.084
000001.SZ,20190211,11.08,11.21,10.97,11.21,11.2,0.01,0.0893,801936.63,889951.528
000001.SZ,20190201,11.2,11.25,10.96,11.2,11.1,0.1,0.9009,1014270.07,1127216.186
000001.SZ,20190131,10.98,11.2,10.94,11.1,10.95,0.15,1.3699,831622.75,922602.874
000001.SZ,20190130,10.95,11.18,10.86,10.95,11,-0.05,-0.4545,712001.01,785204.571
000001.SZ,20190129,10.96,11.07,10.77,11,10.94,0.06,0.5484,826631.1,904847.854
000001.SZ,20190128,11.04,11.14,10.88,10.94,11,-0.06,-0.5455,1035909.8,1141853.833
000001.SZ,20190125,10.56,11.04,10.55,11,10.52,0.48,4.5627,2108361.85,2299718.224
000001.SZ,20190124,10.4,10.55,10.37,10.52,10.35,0.17,1.6425,679240.88,711495.718
000001.SZ,20190123,10.29,10.47,10.29,10.35,10.28,0.07,0.6809,537876.63,559384.396
000001.SZ,20190122,10.34,10.44,10.26,10.28,10.34,-0.06,-0.5803,424413.57,438991.45
000001.SZ,20190121,10.34,10.47,10.32,10.34,10.43,-0.09,-0.8629,659355.76,684465.646
000001.SZ,20190118,10.34,10.49,10.28,10.43,10.25,0.18,1.7561,738793.26,769973.637
000001.SZ,20190117,10.54,10.57,10.17,10.25,10.48,-0.23,-2.1947,882811.92,910212.066
000001.SZ,20190116,10.24,10.5,10.23,10.48,10.24,0.24,2.3438,977699.37,1017495.116
000001.SZ,20190115,10.11,10.28,10.09,10.24,10.11,0.13,1.2859,542160.55,553027.309
000001.SZ,20190114,10.22,10.25,10.07,10.11,10.2,-0.09,-0.8824,500443.59,507862.882
000001.SZ,20190111,10.11,10.22,10.05,10.2,10.1,0.1,0.9901,696364.55,708001.802
000001.SZ,20190110,9.87,10.2,9.86,10.1,9.94,0.16,1.6097,1071817.66,1079711.035
000001.SZ,20190109,9.74,10.08,9.7,9.94,9.66,0.28,2.8986,1233486.36,1229465.116
000001.SZ,20190108,9.73,9.74,9.62,9.66,9.74,-0.08,-0.8214,402388.11,389247.795
000001.SZ,20190107,9.84,9.85,9.63,9.74,9.75,-0.01,-0.1026,865687.66,841166.43
000001.SZ,20190104,9.24,9.82,9.22,9.75,9.28,0.47,5.0647,1481159.06,1422149.888
000001.SZ,20190103,9.18,9.33,9.15,9.28,9.19,0.09,0.9793,415537.95,384457.707
000001.SZ,20190102,9.39,9.42,9.16,9.19,9.38,-0.19,-2.0256,539386.32,498695.109
000001.SZ,20181228,9.31,9.46,9.31,9.38,9.28,0.1,1.0776,576604,541571.004
000001.SZ,20181227,9.45,9.49,9.28,9.28,9.3,-0.02,-0.2151,624593.27,586343.755
000001.SZ,20181226,9.35,9.42,9.27,9.3,9.34,-0.04,-0.4283,421140.6,393215.14
000001.SZ,20181225,9.29,9.43,9.21,9.34,9.42,-0.08,-0.8493,586615.45,545235.607
000001.SZ,20181224,9.4,9.45,9.31,9.42,9.45,-0.03,-0.3175,509117.67,477186.904
000001.SZ,20181221,9.68,9.7,9.33,9.45,9.71,-0.26,-2.6777,1000616.76,944460.332
000001.SZ,20181220,9.92,9.97,9.63,9.71,9.94,-0.23,-2.3139,990284.79,964202.861
000001.SZ,20181219,10.14,10.18,9.9,9.94,10.12,-0.18,-1.7787,598007.01,600090.171
000001.SZ,20181218,10.2,10.32,10.1,10.12,10.29,-0.17,-1.6521,537744.3,547157.562
000001.SZ,20181217,10.16,10.33,10.1,10.29,10.17,0.12,1.1799,571274.87,584679.512
000001.SZ,20181214,10.34,10.35,10.16,10.17,10.39,-0.22,-2.1174,526675.13,539263.012
000001.SZ,20181213,10.25,10.48,10.2,10.39,10.24,0.15,1.4648,790845.21,819920.689
000001.SZ,20181212,10.3,10.32,10.2,10.24,10.23,0.01,0.0978,366379.03,375402.863
000001.SZ,20181211,10.21,10.26,10.17,10.23,10.17,0.06,0.59,299089.62,305389.21
000001.SZ,20181210,10.22,10.27,10.13,10.17,10.28,-0.11,-1.07,494818.87,504040.653
000001.SZ,20181207,10.3,10.39,10.27,10.28,10.25,0.03,0.2927,340216.15,351101.37
000001.SZ,20181206,10.36,10.37,10.23,10.25,10.45,-0.2,-1.9139,578866.48,594649.682
000001.SZ,20181205,10.49,10.51,10.4,10.45,10.59,-0.14,-1.322,581545.27,608133.29
000001.SZ,20181204,10.57,10.62,10.53,10.59,10.59,0,0,534813.05,565743.744
000001.SZ,20181203,10.59,10.66,10.47,10.59,10.36,0.23,2.2201,1064097.17,1126374.829
000001.SZ,20181130,10.22,10.36,10.17,10.36,10.2,0.16,1.5686,594715.32,610571.532
000001.SZ,20181129,10.35,10.39,10.19,10.2,10.28,-0.08,-0.7782,485284.05,499068.827
000001.SZ,20181128,10.17,10.31,10.16,10.28,10.18,0.1,0.9823,537751.45,550820.246
000001.SZ,20181127,10.35,10.39,10.16,10.18,10.34,-0.16,-1.5474,733448.38,752824.12
000001.SZ,20181126,10.34,10.46,10.3,10.34,10.32,0.02,0.1938,516569.11,535963.342
000001.SZ,20181123,10.53,10.58,10.31,10.32,10.55,-0.23,-2.1801,700358.15,730667.665
000001.SZ,20181122,10.67,10.67,10.48,10.55,10.61,-0.06,-0.5655,500267.85,527103.281
000001.SZ,20181121,10.5,10.67,10.48,10.61,10.57,0.04,0.3784,666157.33,705638.355
000001.SZ,20181120,10.75,10.8,10.52,10.57,10.85,-0.28,-2.5806,1033877.53,1099654.683
000001.SZ,20181119,10.57,10.88,10.57,10.85,10.57,0.28,2.649,1360887.09,1466899.416
000001.SZ,20181116,10.61,10.72,10.49,10.57,10.62,-0.05,-0.4708,1059592.59,1123173.219
000001.SZ,20181115,10.44,10.64,10.42,10.62,10.44,0.18,1.7241,901461.98,949991.801
000001.SZ,20181114,10.53,10.55,10.42,10.44,10.54,-0.1,-0.9488,774239.85,810357.748
000001.SZ,20181113,10.41,10.65,10.38,10.54,10.56,-0.02,-0.1894,1072497.62,1126736.143
000001.SZ,20181112,10.46,10.58,10.38,10.56,10.55,0.01,0.0948,920333.88,965756.504
000001.SZ,20181109,10.71,10.73,10.4,10.55,10.89,-0.34,-3.1221,1629269.17,1716198.382
000001.SZ,20181108,10.88,10.97,10.82,10.89,10.81,0.08,0.7401,793976,864744.243
000001.SZ,20181107,10.83,10.95,10.75,10.81,10.84,-0.03,-0.2768,785597.41,851487.053
000001.SZ,20181106,10.87,10.93,10.73,10.84,10.92,-0.08,-0.7326,735725.74,795322.638
000001.SZ,20181105,10.95,11.04,10.82,10.92,11.09,-0.17,-1.5329,1291924.17,1409457.171
000001.SZ,20181102,11.04,11.16,10.83,11.09,10.83,0.26,2.4007,2212922.87,2439179.135
000001.SZ,20181101,10.99,11.05,10.76,10.83,10.91,-0.08,-0.7333,1542776.32,1679443.449
000001.SZ,20181031,10.95,10.99,10.75,10.91,10.9,0.01,0.0917,1152683.79,1252156.775
000001.SZ,20181030,10.78,11.08,10.73,10.9,10.75,0.15,1.3953,1501827.86,1641371.787
000001.SZ,20181029,11.2,11.24,10.62,10.75,11.18,-0.43,-3.8462,1591628.78,1725932.497
000001.SZ,20181026,11.29,11.31,10.96,11.18,11.29,-0.11,-0.9743,1299975.1,1448843.512
000001.SZ,20181025,10.8,11.29,10.71,11.29,11.04,0.25,2.2645,1685011.36,1855823.739
000001.SZ,20181024,10.9,11.33,10.8,11.04,10.84,0.2,1.845,1829424.64,2026171.911
000001.SZ,20181023,11.2,11.22,10.73,10.84,11.15,-0.31,-2.7803,1602545.92,1759265.958
000001.SZ,20181022,10.81,11.46,10.78,11.15,10.76,0.39,3.6245,2645543.12,2932714.47
000001.SZ,20181019,9.95,10.78,9.92,10.76,10.09,0.67,6.6402,2083667.32,2173571.254
000001.SZ,20181018,10.29,10.29,10.06,10.09,10.33,-0.24,-2.3233,1001156.05,1015654.821
000001.SZ,20181017,10.5,10.55,10.14,10.33,10.37,-0.04,-0.3857,1350889.83,1400306.336
000001.SZ,20181016,10.14,10.54,10.12,10.37,10.11,0.26,2.5717,1396921.05,1450020.371
000001.SZ,20181015,10.39,10.47,10.09,10.11,10.3,-0.19,-1.8447,1402685.3,1443043.059
000001.SZ,20181012,9.97,10.34,9.87,10.3,9.86,0.44,4.4625,1516810.28,1532651.4
000001.SZ,20181011,10.05,10.16,9.7,9.86,10.45,-0.59,-5.6459,1995143.83,1994186.611
000001.SZ,20181010,10.54,10.66,10.38,10.45,10.56,-0.11,-1.0417,995200.08,1045666.18
000001.SZ,20181009,10.46,10.7,10.39,10.56,10.45,0.11,1.0526,1064084.26,1117946.55
000001.SZ,20181008,10.7,10.79,10.45,10.45,11.05,-0.6,-5.4299,1686358.52,1793455.283
000001.SZ,20180928,10.78,11.27,10.78,11.05,10.74,0.31,2.8864,2110242.67,2331358.288
000001.SZ,20180927,10.65,10.84,10.57,10.74,10.71,0.03,0.2801,880363.33,942200.398
000001.SZ,20180926,10.61,10.92,10.52,10.71,10.55,0.16,1.5166,1490513.43,1600626.208
000001.SZ,20180925,10.52,10.68,10.48,10.55,10.67,-0.12,-1.1246,977014.7,1030715.785
000001.SZ,20180921,10.26,10.7,10.18,10.67,10.23,0.44,4.3011,1624518.41,1707850.487
000001.SZ,20180920,10.27,10.36,10.19,10.23,10.24,-0.01,-0.0977,620348.36,636742.814
000001.SZ,20180919,10.03,10.34,10.03,10.24,10.08,0.16,1.5873,1231548.77,1257191.505
000001.SZ,20180918,9.73,10.12,9.7,10.08,9.69,0.39,4.0248,1126807.42,1120867.543
000001.SZ,20180917,9.8,9.8,9.68,9.69,9.84,-0.15,-1.5244,517082.33,502609.643
000001.SZ,20180914,9.98,9.98,9.81,9.84,9.96,-0.12,-1.2048,619750.19,611422.48
000001.SZ,20180913,10.09,10.1,9.84,9.96,9.88,0.08,0.8097,999725.61,993389.97
000001.SZ,20180912,9.87,9.97,9.82,9.88,9.91,-0.03,-0.3027,564829.16,558399.563
000001.SZ,20180911,9.9,10.03,9.81,9.91,9.88,0.03,0.3036,712967.51,707337.57
000001.SZ,20180910,10.01,10.07,9.84,9.88,10.01,-0.13,-1.2987,636989.29,631174.169
000001.SZ,20180907,10.04,10.18,9.93,10.01,9.97,0.04,0.4012,809035.34,815151.722
000001.SZ,20180906,10.05,10.14,9.95,9.97,10.05,-0.08,-0.796,711777.55,713975.749
000001.SZ,20180905,10.3,10.33,10.05,10.05,10.43,-0.38,-3.6433,1179453.17,1202345.697
000001.SZ,20180904,10.2,10.55,10.07,10.43,10.19,0.24,2.3553,1296342.08,1339756.563
000001.SZ,20180903,10.09,10.3,10.09,10.19,10.13,0.06,0.5923,711695.67,725303.291
000001.SZ,20180831,10.13,10.32,10.1,10.13,10.12,0.01,0.0988,1310865.24,1337898.869
000001.SZ,20180830,10.27,10.35,10.08,10.12,10.27,-0.15,-1.4606,994917.73,1013877.514
000001.SZ,20180829,10.25,10.33,10.15,10.27,10.29,-0.02,-0.1944,901883.49,923581.546
000001.SZ,20180828,10.34,10.43,10.24,10.29,10.43,-0.14,-1.3423,1289777.24,1331917.86
000001.SZ,20180827,10.02,10.43,9.97,10.43,10.03,0.4,3.988,2218424.22,2251527.721
000001.SZ,20180824,9.31,10.28,9.29,10.03,9.36,0.67,7.1581,3040408.39,2995071.976
000001.SZ,20180823,9.3,9.42,9.23,9.36,9.29,0.07,0.7535,729074.62,680941.392
000001.SZ,20180822,9.24,9.34,9.13,9.29,9.23,0.06,0.6501,982433.98,909598.743
000001.SZ,20180821,9.02,9.26,9.01,9.23,9,0.23,2.5556,1264474.47,1163292.795
000001.SZ,20180820,8.9,9.02,8.87,9,8.81,0.19,2.1566,681322.06,609934.725
000001.SZ,20180817,8.88,8.94,8.78,8.81,8.78,0.03,0.3417,649476.56,576683.267
000001.SZ,20180816,8.73,8.89,8.64,8.78,8.79,-0.01,-0.1138,638272.55,559523.123
000001.SZ,20180815,9.02,9.02,8.75,8.79,9,-0.21,-2.3333,670442.85,594759.517
000001.SZ,20180814,9.03,9.04,8.94,9,9.05,-0.05,-0.5525,430240.36,386334.617
000001.SZ,20180813,9.12,9.16,8.9,9.05,9.23,-0.18,-1.9502,818491.12,736947.79
000001.SZ,20180810,9.3,9.32,9.16,9.23,9.29,-0.06,-0.6459,424168.36,391366.341
000001.SZ,20180809,9.04,9.35,9.02,9.29,9.05,0.24,2.6519,806783.77,746469.808
000001.SZ,20180808,9.16,9.16,9.04,9.05,9.17,-0.12,-1.3086,578953.16,527526.989
000001.SZ,20180807,8.96,9.17,8.88,9.17,8.94,0.23,2.5727,690423.19,624359.656
000001.SZ,20180806,8.94,9.11,8.89,8.94,8.91,0.03,0.3367,554010.08,497906.686
000001.SZ,20180803,8.93,9.1,8.91,8.91,8.94,-0.03,-0.3356,476546.62,428641.526
000001.SZ,20180802,9.13,9.15,8.88,8.94,9.15,-0.21,-2.2951,931401.28,839272.254
000001.SZ,20180801,9.42,9.5,9.11,9.15,9.42,-0.27,-2.8662,814081.68,759282.229
000001.SZ,20180731,9.37,9.49,9.25,9.42,9.39,0.03,0.3195,720150.8,674484.65
000001.SZ,20180730,9.32,9.49,9.26,9.39,9.25,0.14,1.5135,706385.97,661767.547
000001.SZ,20180727,9.3,9.36,9.18,9.25,9.25,0,0,515126.03,477527.419
000001.SZ,20180726,9.4,9.48,9.21,9.25,9.38,-0.13,-1.3859,833358.15,778429.753
000001.SZ,20180725,9.44,9.47,9.33,9.38,9.4,-0.02,-0.2128,614122.81,575752.176
000001.SZ,20180724,9.39,9.59,9.33,9.4,9.42,-0.02,-0.2123,1425894.16,1348746.826
000001.SZ,20180723,9.04,9.45,9,9.42,9.11,0.31,3.4029,1781688.26,1646028.021
000001.SZ,20180720,8.73,9.2,8.61,9.11,8.73,0.38,4.3528,1754277.4,1576843.937
000001.SZ,20180719,8.75,8.81,8.69,8.73,8.7,0.03,0.34,461372.39,403674.308
000001.SZ,20180718,8.75,8.85,8.69,8.7,8.72,-0.02,-0.23,525152.77,460697.377
000001.SZ,20180717,8.74,8.75,8.66,8.72,8.73,-0.01,-0.11,375356.33,326396.994
000001.SZ,20180716,8.85,8.9,8.69,8.73,8.88,-0.15,-1.69,689845.58,603427.713
000001.SZ,20180713,8.92,8.94,8.82,8.88,8.88,0,0,603378.21,535401.175
000001.SZ,20180712,8.6,8.97,8.58,8.88,8.64,0.24,2.78,1140492.31,1008658.828
000001.SZ,20180711,8.76,8.83,8.68,8.78,8.98,-0.2,-2.23,851296.7,744765.824
000001.SZ,20180710,9.02,9.02,8.89,8.98,9.03,-0.05,-0.55,896862.02,803038.965
000001.SZ,20180709,8.69,9.03,8.68,9.03,8.66,0.37,4.27,1409954.6,1255007.609
000001.SZ,20180706,8.61,8.78,8.45,8.66,8.6,0.06,0.7,988282.69,852071.526
000001.SZ,20180705,8.62,8.73,8.55,8.6,8.61,-0.01,-0.12,835768.77,722169.579
000001.SZ,20180704,8.63,8.75,8.61,8.61,8.67,-0.06,-0.69,711153.37,617278.559
000001.SZ,20180703,8.69,8.7,8.45,8.67,8.61,0.06,0.7,1274838.57,1096657.033
000001.SZ,20180702,9.05,9.05,8.55,8.61,9.09,-0.48,-5.28,1315520.13,1158545.868
000001.SZ,20180629,9.01,9.13,8.96,9.09,8.92,0.17,1.91,675299.68,611346.088
000001.SZ,20180628,8.95,9.08,8.87,8.92,9.09,-0.17,-1.87,1110764.03,996801.234
000001.SZ,20180627,9.31,9.4,9.03,9.09,9.36,-0.27,-2.88,1045142.68,958871.648
000001.SZ,20180626,9.39,9.44,9.09,9.36,9.46,-0.1,-1.06,1124156.94,1042528.543
000001.SZ,20180625,9.91,9.92,9.38,9.46,9.85,-0.39,-3.96,1195212.6,1154559.08
000001.SZ,20180622,9.8,9.87,9.77,9.85,9.86,-0.01,-0.1,657818.51,645752.909
000001.SZ,20180621,9.93,10.04,9.86,9.86,9.91,-0.05,-0.5,840070.77,836014.838
000001.SZ,20180620,9.87,9.95,9.76,9.91,9.87,0.04,0.41,763637.31,752950.7
000001.SZ,20180619,10.05,10.15,9.82,9.87,10.17,-0.3,-2.95,1565874.47,1565756.559
000001.SZ,20180615,10.08,10.29,10.06,10.17,10.07,0.1,0.99,1248707.88,1273412.999
000001.SZ,20180614,9.95,10.15,9.92,10.07,9.95,0.12,1.21,866392.01,872487.574
000001.SZ,20180613,10.04,10.06,9.95,9.95,10.06,-0.11,-1.09,530584.31,530483.756
000001.SZ,20180612,10.03,10.08,9.95,10.06,10.04,0.02,0.2,913300.72,914001.701
000001.SZ,20180611,10.06,10.13,10,10.04,10.12,-0.08,-0.79,721374.98,724687.998
000001.SZ,20180608,10.33,10.33,10.06,10.12,10.37,-0.25,-2.41,1099379.82,1114968.856
000001.SZ,20180607,10.2,10.46,10.18,10.37,10.14,0.23,2.27,1262638.2,1306425.478
000001.SZ,20180606,10.25,10.26,10.1,10.14,10.26,-0.12,-1.17,712743.41,724032.796
000001.SZ,20180605,10.29,10.3,10.11,10.26,10.27,-0.01,-0.1,656540.75,670740.302
000001.SZ,20180604,10.23,10.31,10.15,10.27,10.19,0.08,0.79,593038.35,608291.978
000001.SZ,20180601,10.15,10.29,10.07,10.19,10.18,0.01,0.1,597211.16,608398.867
000001.SZ,20180531,10.11,10.19,10.02,10.18,10.08,0.1,0.99,987360.38,999216.332
000001.SZ,20180530,10.29,10.29,10.05,10.08,10.38,-0.3,-2.89,1124447.04,1139918.753
000001.SZ,20180529,10.58,10.63,10.35,10.38,10.59,-0.21,-1.98,889494.97,930386.966
000001.SZ,20180528,10.58,10.66,10.51,10.59,10.59,0,0,569400.92,602590.746
000001.SZ,20180525,10.61,10.67,10.55,10.59,10.61,-0.02,-0.19,593335.67,629735.45
000001.SZ,20180524,10.66,10.68,10.58,10.61,10.65,-0.04,-0.38,688152.02,730678.763
000001.SZ,20180523,10.82,10.82,10.62,10.65,10.86,-0.21,-1.93,991016.29,1058587.812
000001.SZ,20180522,10.95,10.98,10.79,10.86,10.95,-0.09,-0.82,589871.85,639815.249
000001.SZ,20180521,11.07,11.11,10.93,10.95,10.96,-0.01,-0.09,763533.57,838750.577
000001.SZ,20180518,10.81,10.97,10.76,10.96,10.82,0.14,1.29,578384.77,628250.184
000001.SZ,20180517,10.91,10.94,10.78,10.82,10.9,-0.08,-0.73,586494.38,635675.44
000001.SZ,20180516,11.07,11.07,10.89,10.9,11.12,-0.22,-1.98,714362.08,782694.669
000001.SZ,20180515,11.18,11.19,11.02,11.12,11.18,-0.06,-0.54,669261.44,742590.447
000001.SZ,20180514,11.09,11.23,11.03,11.18,11.01,0.17,1.54,1039297.16,1158064.201
000001.SZ,20180511,11.04,11.13,10.96,11.01,11.01,0,0,772369.66,853271.166
000001.SZ,20180510,11.03,11.09,10.91,11.01,10.97,0.04,0.36,552735.88,607349.997
000001.SZ,20180509,10.98,11.03,10.88,10.97,11.01,-0.04,-0.36,627656.13,687036.874
000001.SZ,20180508,10.83,11.15,10.8,11.01,10.81,0.2,1.85,1373305.68,1511546.681
000001.SZ,20180507,10.7,10.83,10.64,10.81,10.68,0.13,1.22,974309.67,1046743.101
000001.SZ,20180504,10.73,10.83,10.66,10.68,10.75,-0.07,-0.65,710509.52,761302.468
000001.SZ,20180503,10.86,10.88,10.57,10.75,10.88,-0.13,-1.19,1281355.57,1372765.845
000001.SZ,20180502,10.97,11.03,10.8,10.88,10.85,0.03,0.28,1190523.18,1295804.42
000001.SZ,20180427,11.49,11.51,10.63,10.85,11.42,-0.57,-4.99,2709795.68,2958464.277
000001.SZ,20180426,11.66,11.69,11.31,11.42,11.68,-0.26,-2.23,874235.91,1002483.154
000001.SZ,20180425,11.76,11.81,11.63,11.68,11.86,-0.18,-1.52,730286.48,854713.248
000001.SZ,20180424,11.63,11.94,11.58,11.86,11.57,0.29,2.51,1461098.8,1725152.198
000001.SZ,20180423,11.3,11.61,11.26,11.57,11.35,0.22,1.94,1070289.35,1228544.006
000001.SZ,20180420,11.51,11.58,11.2,11.35,11.47,-0.12,-1.05,958690.66,1090801.311
000001.SZ,20180419,11.52,11.69,11.42,11.47,11.5,-0.03,-0.26,849131.83,979593.564
000001.SZ,20180418,11.45,11.61,11.28,11.5,11.21,0.29,2.59,1475845.33,1692722.923
000001.SZ,20180417,11.12,11.45,11.11,11.21,11.1,0.11,0.99,1301891.72,1468159.349
000001.SZ,20180416,11.47,11.47,11.03,11.1,11.57,-0.47,-4.06,1427072.81,1593706.086
000001.SZ,20180413,11.64,11.79,11.45,11.57,11.52,0.05,0.43,1300255.97,1516155.527
000001.SZ,20180412,11.8,11.83,11.42,11.52,11.83,-0.31,-2.62,1173128.18,1364675.848
000001.SZ,20180411,11.39,11.92,11.38,11.83,11.42,0.41,3.59,2095970.45,2458982.163
000001.SZ,20180410,11.02,11.46,10.97,11.42,11.02,0.4,3.63,1390950.79,1562265.089
000001.SZ,20180409,10.8,11.1,10.73,11.02,10.87,0.15,1.38,1074795.76,1180084.371
000001.SZ,20180404,10.68,11.01,10.6,10.87,10.56,0.31,2.94,1602488.73,1737258.898
000001.SZ,20180403,10.6,10.67,10.51,10.56,10.71,-0.15,-1.4,890745.65,942237.8
000001.SZ,20180402,10.87,10.99,10.7,10.71,10.9,-0.19,-1.74,1109316.43,1200911.98
000001.SZ,20180330,11.04,11.05,10.88,10.9,11.05,-0.15,-1.36,752173.68,823438.18
000001.SZ,20180329,10.92,11.17,10.55,11.05,10.89,0.16,1.47,1330602.38,1445281.829
000001.SZ,20180328,10.85,11.14,10.79,10.89,10.94,-0.05,-0.46,1099023.39,1201023.442
000001.SZ,20180327,11.1,11.17,10.86,10.94,10.93,0.01,0.09,1103933.61,1213989.931
000001.SZ,20180326,11.15,11.2,10.86,10.93,11.34,-0.41,-3.62,1383598.51,1519435.011
000001.SZ,20180323,11.25,11.35,10.92,11.34,11.66,-0.32,-2.74,1825690.75,2037734.4
000001.SZ,20180322,11.9,11.97,11.62,11.66,11.9,-0.24,-2.02,984278.42,1155741.055
000001.SZ,20180321,11.95,12.12,11.85,11.9,11.82,0.08,0.68,1445109.51,1736437.401
000001.SZ,20180320,11.74,11.88,11.72,11.82,11.83,-0.01,-0.08,776150.02,916858.475
000001.SZ,20180319,11.66,11.84,11.61,11.83,11.64,0.19,1.63,808538.72,947664.744
000001.SZ,20180316,11.72,11.85,11.64,11.64,11.71,-0.07,-0.6,962983.38,1130784.17
000001.SZ,20180315,11.79,11.85,11.66,11.71,11.92,-0.21,-1.76,1155694.73,1356878.634
000001.SZ,20180314,11.98,12,11.83,11.92,12.02,-0.1,-0.83,635594.13,757090.756
000001.SZ,20180313,12.04,12.22,12,12.02,12.03,-0.01,-0.08,1082267.32,1309543.466
000001.SZ,20180312,12.15,12.17,11.95,12.03,12.09,-0.06,-0.5,1268701.32,1526643.478
000001.SZ,20180309,12.15,12.2,11.98,12.09,12.11,-0.02,-0.17,943876.97,1139043.574
000001.SZ,20180308,12.05,12.15,11.95,12.11,12.05,0.06,0.5,689755.03,832153.697
000001.SZ,20180307,12.15,12.34,12.04,12.05,12.1,-0.05,-0.41,1427570.32,1744085.27
000001.SZ,20180306,11.95,12.11,11.77,12.1,11.86,0.24,2.02,1150162.49,1373438.382
000001.SZ,20180305,11.93,12.08,11.8,11.86,11.95,-0.09,-0.75,754183.13,897244.265
000001.SZ,20180302,11.92,12.04,11.85,11.95,12.04,-0.09,-0.75,663124.16,791736.473
000001.SZ,20180301,11.92,12.15,11.9,12.04,12.05,-0.01,-0.08,886957.18,1069354.491
000001.SZ,20180228,12.1,12.19,11.93,12.05,12.28,-0.23,-1.87,1214145.59,1463313.702
000001.SZ,20180227,12.64,12.7,12.19,12.28,12.63,-0.35,-2.77,1285869.06,1590018.492
000001.SZ,20180226,12.77,12.85,12.45,12.63,12.61,0.02,0.16,1045758.74,1318960.463
000001.SZ,20180223,12.58,12.79,12.45,12.61,12.46,0.15,1.2,1013663.2,1278185.721
000001.SZ,20180222,12.25,12.53,12.25,12.46,12,0.46,3.83,1268406.07,1573562.575
000001.SZ,20180214,11.96,12.03,11.76,12,11.94,0.06,0.5,864190.24,1030474.41
000001.SZ,20180213,11.87,12.21,11.84,11.94,11.72,0.22,1.88,1298178.69,1562420.005
000001.SZ,20180212,11.78,11.84,11.56,11.72,11.69,0.03,0.26,1228782.44,1439644.312
000001.SZ,20180209,12.08,12.08,11.38,11.69,12.54,-0.85,-6.78,2824949.75,3308553.501
000001.SZ,20180208,12.83,12.92,12.53,12.54,12.92,-0.38,-2.94,2137815.06,2711464.886
000001.SZ,20180207,14.22,14.3,12.76,12.92,14,-1.08,-7.71,3345716.97,4521586.59
000001.SZ,20180206,14.23,14.33,13.93,14,14.55,-0.55,-3.78,2582872.04,3641294.71
000001.SZ,20180205,13.8,14.57,13.73,14.55,14.05,0.5,3.56,2331997.9,3326355.314
000001.SZ,20180202,13.91,14.1,13.63,14.05,14.03,0.02,0.14,1176512.71,1637619.618
000001.SZ,20180201,13.95,14.3,13.84,14.03,14.05,-0.02,-0.14,2005614.75,2821583.609
000001.SZ,20180131,13.6,14.05,13.53,14.05,13.65,0.4,2.93,1747729.14,2423104.767
000001.SZ,20180130,13.7,13.84,13.55,13.65,13.74,-0.09,-0.66,1094739.86,1497708.872
000001.SZ,20180129,14.05,14.25,13.6,13.74,14.05,-0.31,-2.21,2090546.68,2911452.095
000001.SZ,20180126,14.18,14.34,14.02,14.05,14.2,-0.15,-1.06,2032988.65,2885104.627
000001.SZ,20180125,14.45,14.47,14,14.2,14.64,-0.44,-3.01,2369984.59,3360822.344
000001.SZ,20180124,14.66,15.08,14.5,14.64,14.65,-0.01,-0.07,2591292.12,3838734.922
000001.SZ,20180123,14.36,14.9,14.33,14.65,14.44,0.21,1.45,2388791.7,3492462.005
000001.SZ,20180122,14.6,14.94,14.43,14.44,14.8,-0.36,-2.43,2073867.14,3032799.07
000001.SZ,20180119,14.8,15.13,14.68,14.8,14.72,0.08,0.54,2571146.69,3832857.44
000001.SZ,20180118,14.4,14.72,14.28,14.72,14.23,0.49,3.44,2148026.8,3120455.742
000001.SZ,20180117,14.33,14.8,14.2,14.23,14.2,0.03,0.21,2656294.01,3849312.882
000001.SZ,20180116,14.17,14.38,14.02,14.2,14.2,0,0,2444549,3479177.087
000001.SZ,20180115,13.51,14.33,13.5,14.2,13.55,0.65,4.8,3122394.48,4376707.088
000001.SZ,20180112,13.45,13.68,13.41,13.55,13.4,0.15,1.12,1353991.4,1833435.672
000001.SZ,20180111,13.41,13.59,13.27,13.4,13.47,-0.07,-0.52,1443877.81,1937494.294
000001.SZ,20180110,13.04,13.49,12.92,13.47,13.08,0.39,2.98,2403277.36,3196055.83
000001.SZ,20180109,12.96,13.2,12.92,13.08,12.96,0.12,0.93,1344345.09,1754315.792
000001.SZ,20180108,13.25,13.29,12.86,12.96,13.3,-0.34,-2.56,2158620.81,2806099.169
000001.SZ,20180105,13.21,13.35,13.15,13.3,13.25,0.05,0.38,1210312.72,1603289.517
000001.SZ,20180104,13.32,13.37,13.13,13.25,13.33,-0.08,-0.6,1854509.48,2454543.516
000001.SZ,20180103,13.73,13.86,13.2,13.33,13.7,-0.37,-2.7,2962498.38,4006220.766
000001.SZ,20180102,13.35,13.93,13.32,13.7,13.3,0.4,3.01,2081592.55,2856543.822
000001.SZ,20171229,13.21,13.43,13.1,13.3,13.21,0.09,0.68,982915.53,1303222.04
000001.SZ,20171228,13.28,13.46,13.02,13.21,13.29,-0.08,-0.6,1553030.47,2052944.539
000001.SZ,20171227,13.58,13.78,13.19,13.29,13.66,-0.37,-2.71,1366566.73,1848165.006
000001.SZ,20171226,13.26,13.69,13.19,13.66,13.25,0.41,3.09,1123688.45,1510826.264
000001.SZ,20171225,13.52,13.86,13.16,13.25,13.52,-0.27,-2,1585567.18,2145040.658
000001.SZ,20171222,13.5,13.63,13.45,13.52,13.54,-0.02,-0.15,742900.95,1004525.768
000001.SZ,20171221,13.18,13.68,13.16,13.54,13.26,0.28,2.11,1485203.44,2005617.683
000001.SZ,20171220,13.2,13.31,13.13,13.26,13.28,-0.02,-0.15,1106245.07,1463802.116
000001.SZ,20171219,12.79,13.32,12.74,13.28,12.75,0.53,4.16,2397942.95,3138687.565
000001.SZ,20171218,12.73,12.91,12.64,12.75,12.72,0.03,0.24,805464.52,1029422.753
000001.SZ,20171215,12.9,12.93,12.67,12.72,13,-0.28,-2.15,1099952.5,1405372.004
000001.SZ,20171214,13.15,13.31,12.91,13,13.13,-0.13,-0.99,1001997.98,1311131.917
000001.SZ,20171213,13,13.2,12.88,13.13,13.02,0.11,0.84,1289248.11,1679022.035
000001.SZ,20171212,13.4,13.48,13.02,13.02,13.5,-0.48,-3.56,1743405.79,2302354.901
000001.SZ,20171211,13.08,13.57,12.88,13.5,13.09,0.41,3.13,2261952.73,2980735.572
000001.SZ,20171208,12.89,13.09,12.75,13.09,12.83,0.26,2.03,1351315.04,1751423.112
000001.SZ,20171207,13.05,13.14,12.75,12.83,13.08,-0.25,-1.91,1181957.84,1526953.344
000001.SZ,20171206,13.26,13.27,12.79,13.08,13.3,-0.22,-1.65,1619844.96,2104168.537
000001.SZ,20171205,13.15,13.49,13.1,13.3,13.3,0,0,1723681.32,2301867.653
000001.SZ,20171204,13.05,13.37,13,13.3,13,0.3,2.31,1454023.45,1923315.712
000001.SZ,20171201,13.4,13.48,12.96,13,13.38,-0.38,-2.84,1784933.15,2354299.656
000001.SZ,20171130,13.7,13.73,13.26,13.38,13.82,-0.44,-3.18,1379635.71,1866700.884
000001.SZ,20171129,13.73,13.93,13.47,13.82,13.7,0.12,0.88,1564094.93,2148312.654
000001.SZ,20171128,13.85,13.85,13.4,13.7,13.93,-0.23,-1.65,1766432.5,2396540.133
000001.SZ,20171127,14.3,14.3,13.75,13.93,14.56,-0.63,-4.33,2064085.33,2878491.901
000001.SZ,20171124,14.29,14.59,13.78,14.56,14.35,0.21,1.46,2630189.67,3732597.275
000001.SZ,20171123,15.15,15.24,14.07,14.35,15.1,-0.75,-4.97,2429142.14,3562843.399
000001.SZ,20171122,14.48,15.24,14.48,15.1,14.45,0.65,4.5,2570231.46,3839501.153
000001.SZ,20171121,14.07,14.79,14.01,14.45,14.25,0.2,1.4,2495327.81,3609849.024
000001.SZ,20171120,13.13,14.25,13.05,14.25,13.18,1.07,8.12,2843925.82,3860145.472
000001.SZ,20171117,13.17,13.46,13.03,13.18,13.1,0.08,0.61,2064149.72,2731215.933
000001.SZ,20171116,12.9,13.12,12.67,13.1,12.9,0.2,1.55,1200814.8,1550701.791
000001.SZ,20171115,12.9,13.13,12.77,12.9,12.95,-0.05,-0.39,1263052.27,1627912.725
000001.SZ,20171114,12.95,13.26,12.81,12.95,12.9,0.05,0.39,1780302.47,2318092.534
000001.SZ,20171113,12.35,13.1,12.35,12.9,12.3,0.6,4.88,2566906.23,3307955.288
000001.SZ,20171110,12.37,12.55,12.15,12.3,12.33,-0.03,-0.24,1757552.27,2167126.597
000001.SZ,20171109,12.2,12.57,12.15,12.33,12.13,0.2,1.65,2295289.34,2839861.735
000001.SZ,20171108,12,12.59,11.93,12.13,11.92,0.21,1.76,4262825.73,5199224.276
000001.SZ,20171107,11.27,12.09,11.25,11.92,11.28,0.64,5.67,2477163.26,2914269.16
000001.SZ,20171106,11.42,11.42,11.09,11.28,11.39,-0.11,-0.97,1029902.81,1157303.985
000001.SZ,20171103,11.49,11.68,11.35,11.39,11.54,-0.15,-1.3,743343.22,852032.107
000001.SZ,20171102,11.36,11.58,11.26,11.54,11.4,0.14,1.23,604308.48,689229.873
000001.SZ,20171101,11.56,11.59,11.32,11.4,11.54,-0.14,-1.21,692617.9,792881.042
000001.SZ,20171031,11.55,11.58,11.39,11.54,11.56,-0.02,-0.17,627491.38,721237.474
000001.SZ,20171030,11.55,11.73,11.45,11.56,11.56,0,0,1278246.94,1484495.472
000001.SZ,20171027,11.19,11.56,11.18,11.56,11.18,0.38,3.4,1360086.42,1548543.731
000001.SZ,20171026,11.25,11.32,11.12,11.18,11.27,-0.09,-0.8,928996.07,1041707.022
000001.SZ,20171025,11.36,11.37,11.25,11.27,11.39,-0.12,-1.05,418573.6,472708.177
000001.SZ,20171024,11.2,11.42,11.18,11.39,11.19,0.2,1.79,618871.94,700896.871
000001.SZ,20171023,11.39,11.4,11.15,11.19,11.48,-0.29,-2.53,1074465.02,1206888.281
000001.SZ,20171020,11.59,11.59,11.41,11.48,11.63,-0.15,-1.29,461808.08,529747.048
000001.SZ,20171019,11.64,11.72,11.57,11.63,11.69,-0.06,-0.51,722764.82,841546.799
000001.SZ,20171018,11.53,11.7,11.51,11.69,11.51,0.18,1.56,871365.36,1011050.927
000001.SZ,20171017,11.62,11.65,11.48,11.51,11.59,-0.08,-0.69,506372.34,585333.998
000001.SZ,20171016,11.36,11.6,11.29,11.59,11.36,0.23,2.02,1036250.64,1190724.204
000001.SZ,20171013,11.56,11.56,11.25,11.36,11.55,-0.19,-1.65,737375.96,839662.734
000001.SZ,20171012,11.54,11.58,11.47,11.55,11.53,0.02,0.17,578065.31,667148.377
000001.SZ,20171011,11.48,11.58,11.34,11.53,11.47,0.06,0.52,658077.58,756203.405
000001.SZ,20171010,11.33,11.5,11.33,11.47,11.3,0.17,1.5,747925.3,853665.849
000001.SZ,20171009,11.57,11.64,11.26,11.3,11.11,0.19,1.71,1325227.31,1520609.511
000001.SZ,20170929,10.92,11.16,10.86,11.11,10.88,0.23,2.11,682280.1,753852.534
000001.SZ,20170928,10.98,10.98,10.82,10.88,10.93,-0.05,-0.46,517220.02,563485.127
000001.SZ,20170927,11.01,11.08,10.9,10.93,11.05,-0.12,-1.09,727188.2,798377.28
000001.SZ,20170926,11.26,11.3,10.96,11.05,11.29,-0.24,-2.13,967460.9,1074228.193
000001.SZ,20170925,11.44,11.45,11.18,11.29,11.44,-0.15,-1.31,532391.04,602270.302
000001.SZ,20170922,11.43,11.52,11.31,11.44,11.46,-0.02,-0.17,593927.62,677622.489
000001.SZ,20170921,11.26,11.51,11.2,11.46,11.29,0.17,1.51,692407.93,788605.3
000001.SZ,20170920,11.14,11.37,11.05,11.29,11.13,0.16,1.44,787154.69,884640.964
000001.SZ,20170919,11.25,11.34,11.08,11.13,11.25,-0.12,-1.07,764212.62,853815.999
000001.SZ,20170918,11.25,11.32,11.2,11.25,11.29,-0.04,-0.35,607612.96,684223.023
000001.SZ,20170915,11.29,11.32,11.15,11.29,11.32,-0.03,-0.27,646094.81,726061.1
000001.SZ,20170914,11.43,11.59,11.24,11.32,11.43,-0.11,-0.96,883087.77,1005775.578
000001.SZ,20170913,11.49,11.54,11.34,11.43,11.54,-0.11,-0.95,668237.42,765028.184
000001.SZ,20170912,11.38,11.54,11.27,11.54,11.38,0.16,1.41,846183.42,962032.172
000001.SZ,20170911,11.54,11.69,11.3,11.38,11.49,-0.11,-0.96,699472.75,801825.014
000001.SZ,20170908,11.46,11.64,11.38,11.49,11.44,0.05,0.44,481276.15,553644.52
000001.SZ,20170907,11.65,11.75,11.39,11.44,11.7,-0.26,-2.22,614187.24,711036.421
000001.SZ,20170906,11.59,11.88,11.48,11.7,11.64,0.06,0.52,791621.55,925519.043
000001.SZ,20170905,11.68,11.94,11.6,11.64,11.72,-0.08,-0.68,1287518.76,1513759.541
000001.SZ,20170904,11.18,11.72,11.17,11.72,11.21,0.51,4.55,1352325.57,1551875.033
000001.SZ,20170901,11.28,11.39,11.15,11.21,11.28,-0.07,-0.62,959976.89,1080996.319
000001.SZ,20170831,11.39,11.44,11.15,11.28,11.43,-0.15,-1.31,1151786.46,1297730.595
000001.SZ,20170830,11.68,11.7,11.35,11.43,11.67,-0.24,-2.06,1096674.76,1264128.14
000001.SZ,20170829,11.3,11.74,11.28,11.67,11.35,0.32,2.82,1357983.73,1569230.034
000001.SZ,20170828,11.1,11.54,11.1,11.35,11.11,0.24,2.16,1603938.32,1828380.086
000001.SZ,20170825,10.94,11.17,10.9,11.11,10.93,0.18,1.65,963940,1068994.547
000001.SZ,20170824,10.89,11.11,10.84,10.93,10.9,0.03,0.28,924248.63,1014933.651
000001.SZ,20170823,10.63,10.98,10.59,10.9,10.65,0.25,2.35,1319151.9,1430051.908
000001.SZ,20170822,10.48,10.66,10.37,10.65,10.46,0.19,1.82,875681.81,922881.865
000001.SZ,20170821,10.43,10.52,10.39,10.46,10.44,0.02,0.19,399154.87,417653.11
000001.SZ,20170818,10.36,10.6,10.29,10.44,10.42,0.02,0.19,616520.41,643188.717
000001.SZ,20170817,10.35,10.42,10.29,10.42,10.34,0.08,0.77,553642.11,573093.949
000001.SZ,20170816,10.29,10.37,10.15,10.34,10.31,0.03,0.29,756806.02,778517.621
000001.SZ,20170815,10.24,10.51,10.21,10.31,10.22,0.09,0.88,1075162.35,1116749.994
000001.SZ,20170814,10.13,10.25,10.04,10.22,10.02,0.2,2,1157664.64,1175479.138
000001.SZ,20170811,10.48,10.54,9.99,10.02,10.62,-0.6,-5.65,2440643.35,2501779.371
000001.SZ,20170810,10.7,10.82,10.54,10.62,10.73,-0.11,-1.03,959879.96,1026676.005
000001.SZ,20170809,10.96,11.02,10.68,10.73,11.05,-0.32,-2.9,1042321.81,1126512.107
000001.SZ,20170808,11,11.11,10.91,11.05,11,0.05,0.45,689567.44,758872.028
000001.SZ,20170807,11.06,11.17,10.9,11,11.17,-0.17,-1.52,860644.27,946975.699
000001.SZ,20170804,11,11.29,10.93,11.17,11.01,0.16,1.45,1353951.56,1511389.828
000001.SZ,20170803,11.14,11.22,10.97,11.01,11.15,-0.14,-1.26,984219.38,1090954.131
000001.SZ,20170802,11.05,11.34,10.96,11.15,11.04,0.11,1,2062069.07,2307726.682
000001.SZ,20170801,10.64,11.08,10.6,11.04,10.67,0.37,3.47,2035709.91,2222887.933
000001.SZ,20170731,10.8,10.82,10.45,10.67,10.74,-0.07,-0.65,1575864.39,1671814.035
000001.SZ,20170728,10.61,10.81,10.58,10.74,10.59,0.15,1.42,819195.35,877769.279
000001.SZ,20170727,10.72,10.77,10.53,10.59,10.74,-0.15,-1.4,1194490.4,1273888.886
000001.SZ,20170726,10.92,11.18,10.66,10.74,11,-0.26,-2.36,1697412.11,1846282.151
000001.SZ,20170725,10.98,11.27,10.95,11,10.95,0.05,0.46,1954768.35,2172114.597
000001.SZ,20170724,10.82,11.06,10.73,10.95,10.89,0.06,0.55,1692664.44,1846886.678
000001.SZ,20170721,10.83,10.95,10.69,10.89,10.81,0.08,0.74,1501020,1625416.436
000001.SZ,20170720,11.08,11.22,10.91,10.97,11.09,-0.12,-1.08,1537338.58,1695060.974
000001.SZ,20170719,10.99,11.19,10.88,11.09,11.05,0.04,0.36,1933075.92,2131336.294
000001.SZ,20170718,10.75,11.14,10.62,11.05,10.81,0.24,2.22,2349431.91,2558433.986
000001.SZ,20170717,10.95,11.33,10.72,10.81,10.9,-0.09,-0.83,3273123.15,3608692.279
000001.SZ,20170714,10.81,10.94,10.66,10.9,10.9,0,0,1722570.26,1864449.201
000001.SZ,20170713,10.3,10.9,10.24,10.9,10.34,0.56,5.42,2994534.32,3180144.566
000001.SZ,20170712,10.27,10.58,10.2,10.34,10.25,0.09,0.88,2998844.01,3113681.338
000001.SZ,20170711,9.61,10.46,9.61,10.25,9.59,0.66,6.88,3812086.6,3842010.171
000001.SZ,20170710,9.45,9.66,9.44,9.59,9.47,0.12,1.27,1360815.91,1303090.005
000001.SZ,20170707,9.37,9.48,9.34,9.47,9.4,0.07,0.74,760369.58,717084.352
000001.SZ,20170706,9.36,9.41,9.31,9.4,9.37,0.03,0.32,738911.86,691387.184
000001.SZ,20170705,9.29,9.38,9.27,9.37,9.34,0.03,0.32,567720,529294.114
000001.SZ,20170704,9.4,9.41,9.3,9.34,9.4,-0.06,-0.64,488362.53,456577.021
000001.SZ,20170703,9.4,9.43,9.34,9.4,9.39,0.01,0.11,388349.37,364465.847
000001.SZ,20170630,9.4,9.43,9.31,9.39,9.43,-0.04,-0.42,499633.49,468003.516
000001.SZ,20170629,9.43,9.45,9.37,9.43,9.43,0,0,488804.57,459810.415
000001.SZ,20170628,9.35,9.49,9.33,9.43,9.36,0.07,0.75,1168796.22,1102438.099
000001.SZ,20170627,9.3,9.39,9.27,9.36,9.3,0.06,0.65,546016.13,509162.008
000001.SZ,20170626,9.26,9.4,9.26,9.3,9.25,0.05,0.54,710769.95,663762.85
000001.SZ,20170623,9.23,9.27,9.16,9.25,9.25,0,0,584004.41,538303.574
000001.SZ,20170622,9.15,9.4,9.14,9.25,9.15,0.1,1.09,1426958.15,1325210.564
000001.SZ,20170621,9.17,9.18,9.11,9.15,9.12,0.03,0.33,496932.19,454488.888
000001.SZ,20170620,9.12,9.16,9.09,9.12,9.13,-0.01,-0.11,313615.6,286053.883
000001.SZ,20170619,9.03,9.15,9.02,9.13,9.02,0.11,1.22,489704.81,446000.772
000001.SZ,20170616,9.04,9.08,9.01,9.02,9.04,-0.02,-0.22,285991.04,258559.005
000001.SZ,20170615,9.08,9.08,9.03,9.04,9.08,-0.04,-0.44,337797.89,305610.5
000001.SZ,20170614,9.12,9.13,9.04,9.08,9.12,-0.04,-0.44,375444.31,340596.135
000001.SZ,20170613,9.11,9.14,9.05,9.12,9.11,0.01,0.11,448434.97,407876.695
000001.SZ,20170612,9.15,9.19,9.1,9.11,9.15,-0.04,-0.44,504578.16,461493.689
000001.SZ,20170609,9.15,9.22,9.12,9.15,9.13,0.02,0.22,685468.08,628281.688
000001.SZ,20170608,9.11,9.15,9.08,9.13,9.13,0,0,383004.48,348860.774
000001.SZ,20170607,9.02,9.15,9.01,9.13,9.04,0.09,1,645723.25,587357.671
000001.SZ,20170606,9.01,9.06,8.99,9.04,9.03,0.01,0.11,355341.53,320520.904
000001.SZ,20170605,9.13,9.17,8.99,9.03,9.17,-0.14,-1.53,634132.69,573460.396
000001.SZ,20170602,9.18,9.29,9.14,9.17,9.19,-0.02,-0.22,770757.06,710119.498
000001.SZ,20170601,9.2,9.23,9.12,9.19,9.2,-0.01,-0.11,566182.76,519544.675
000001.SZ,20170531,9.1,9.23,9.06,9.2,9.1,0.1,1.1,1033210.95,948741.889
000001.SZ,20170526,9.08,9.13,9.04,9.1,9.1,0,0,895365.76,813387.17
000001.SZ,20170525,8.79,9.14,8.78,9.1,8.81,0.29,3.29,1621543.74,1462763.018
000001.SZ,20170524,8.78,8.83,8.68,8.81,8.79,0.02,0.23,532376.69,466560.635
000001.SZ,20170523,8.67,8.84,8.64,8.79,8.68,0.11,1.27,800040.19,702123.772
000001.SZ,20170522,8.68,8.73,8.61,8.68,8.69,-0.01,-0.12,679120.05,588546.725
000001.SZ,20170519,8.74,8.76,8.68,8.69,8.73,-0.04,-0.46,294270.84,256396.867
000001.SZ,20170518,8.72,8.77,8.71,8.73,8.77,-0.04,-0.46,227401.12,198765.579
000001.SZ,20170517,8.81,8.81,8.75,8.77,8.84,-0.07,-0.79,417338.02,365987.542
000001.SZ,20170516,8.84,8.85,8.73,8.84,8.86,-0.02,-0.23,524872.33,461069.3
000001.SZ,20170515,8.89,8.95,8.81,8.86,8.9,-0.04,-0.45,536578.21,476417.671
000001.SZ,20170512,8.68,8.9,8.64,8.9,8.7,0.2,2.3,917968.19,809131.9
000001.SZ,20170511,8.65,8.72,8.6,8.7,8.67,0.03,0.35,503643.55,436444.282
000001.SZ,20170510,8.63,8.8,8.62,8.67,8.64,0.03,0.35,573077.68,498675.307
000001.SZ,20170509,8.56,8.64,8.55,8.64,8.57,0.07,0.82,324194.46,279119.676
000001.SZ,20170508,8.6,8.62,8.54,8.57,8.63,-0.06,-0.7,460089.89,394424.117
000001.SZ,20170505,8.74,8.76,8.58,8.63,8.74,-0.11,-1.26,623700.85,539541.739
000001.SZ,20170504,8.89,8.89,8.72,8.74,8.91,-0.17,-1.91,696517.07,613783.434
000001.SZ,20170503,8.92,8.93,8.89,8.91,8.94,-0.03,-0.34,280310.77,249660.877
000001.SZ,20170502,8.96,8.96,8.9,8.94,8.99,-0.05,-0.56,311026.1,277665.881
000001.SZ,20170428,8.96,8.99,8.92,8.99,8.97,0.02,0.22,286446.36,256106.698
000001.SZ,20170427,8.97,8.98,8.91,8.97,8.99,-0.02,-0.22,387392.56,346186.989
000001.SZ,20170426,9,9.01,8.96,8.99,9,-0.01,-0.11,382147.06,343316.092
000001.SZ,20170425,8.93,9.01,8.93,9,8.93,0.07,0.78,377933.34,339230.143
000001.SZ,20170424,8.97,8.98,8.89,8.93,8.97,-0.04,-0.45,394995.27,352926.394
000001.SZ,20170421,8.92,8.99,8.9,8.97,8.92,0.05,0.56,325408.17,291126.076
000001.SZ,20170420,8.9,8.94,8.89,8.92,8.91,0.01,0.11,437629.99,390063.543
000001.SZ,20170419,9.03,9.04,8.9,8.91,9.05,-0.14,-1.55,799668.57,714963.673
000001.SZ,20170418,9.09,9.1,9.05,9.05,9.1,-0.05,-0.55,335376.96,304162.86
000001.SZ,20170417,9.08,9.11,9.05,9.1,9.08,0.02,0.22,531892.18,483130.499
000001.SZ,20170414,9.11,9.12,9.06,9.08,9.12,-0.04,-0.44,490500.5,445637.458
000001.SZ,20170413,9.11,9.14,9.1,9.12,9.12,0,0,357442.55,325949.861
000001.SZ,20170412,9.16,9.17,9.1,9.12,9.15,-0.03,-0.33,455336.53,416101.249
000001.SZ,20170411,9.17,9.19,9.09,9.15,9.18,-0.03,-0.33,612437.96,560304.072
000001.SZ,20170410,9.2,9.21,9.17,9.18,9.2,-0.02,-0.22,401343.94,368682.024
000001.SZ,20170407,9.19,9.22,9.17,9.2,9.2,0,0,514844.76,473366.404
000001.SZ,20170406,9.2,9.22,9.17,9.2,9.21,-0.01,-0.11,434391.47,399118.983
000001.SZ,20170405,9.16,9.22,9.15,9.21,9.17,0.04,0.44,499150.09,458567.834
000001.SZ,20170331,9.08,9.18,9.08,9.17,9.08,0.09,0.99,633121.22,578579.035
000001.SZ,20170330,9.12,9.12,9.06,9.08,9.11,-0.03,-0.33,687285.55,623995.512
000001.SZ,20170329,9.13,9.15,9.09,9.11,9.12,-0.01,-0.11,601140.68,548060.692
000001.SZ,20170328,9.16,9.17,9.1,9.12,9.14,-0.02,-0.22,481372.76,439405.816
000001.SZ,20170327,9.12,9.19,9.08,9.14,9.19,-0.05,-0.54,985012.05,900094.46
000001.SZ,20170324,9.2,9.24,9.16,9.19,9.2,-0.01,-0.11,710827.87,653533.829
000001.SZ,20170323,9.16,9.24,9.15,9.2,9.16,0.04,0.44,433588.29,398986.562
000001.SZ,20170322,9.2,9.22,9.14,9.16,9.24,-0.08,-0.87,566123.63,519331.026
000001.SZ,20170321,9.25,9.26,9.2,9.24,9.25,-0.01,-0.11,554648.74,511914.333
000001.SZ,20170320,9.29,9.31,9.22,9.25,9.31,-0.06,-0.64,715021.77,661887.015
000001.SZ,20170317,9.45,9.46,9.3,9.31,9.52,-0.21,-2.21,1583647.08,1482736.995
000001.SZ,20170316,9.48,9.53,9.45,9.52,9.48,0.04,0.42,635953.81,603450.064
000001.SZ,20170315,9.42,9.48,9.42,9.48,9.44,0.04,0.42,546560.86,515943.748
000001.SZ,20170314,9.43,9.46,9.41,9.44,9.44,0,0,404484.35,381594.066
000001.SZ,20170313,9.39,9.45,9.37,9.44,9.4,0.04,0.43,545304.44,513148.481
000001.SZ,20170310,9.38,9.41,9.36,9.4,9.38,0.02,0.21,390182.25,366140.052
000001.SZ,20170309,9.41,9.43,9.36,9.38,9.42,-0.04,-0.42,378169.92,354813.687
000001.SZ,20170308,9.43,9.45,9.4,9.42,9.45,-0.03,-0.32,244438.39,230425.15
000001.SZ,20170307,9.44,9.46,9.4,9.45,9.45,0,0,294672.82,277747.415
000001.SZ,20170306,9.4,9.46,9.39,9.45,9.4,0.05,0.53,404511.38,381212.304
000001.SZ,20170303,9.41,9.43,9.36,9.4,9.43,-0.03,-0.32,342655.08,321952.549
000001.SZ,20170302,9.51,9.54,9.42,9.43,9.49,-0.06,-0.63,403628.7,382395.883
000001.SZ,20170301,9.49,9.55,9.47,9.49,9.48,0.01,0.11,346993.73,330157.963
000001.SZ,20170228,9.43,9.51,9.42,9.48,9.43,0.05,0.53,369719.7,350366.892
000001.SZ,20170227,9.5,9.5,9.42,9.43,9.5,-0.07,-0.74,407341.12,384781.015
000001.SZ,20170224,9.5,9.54,9.48,9.5,9.51,-0.01,-0.11,332500.14,316020.789
000001.SZ,20170223,9.55,9.57,9.48,9.51,9.57,-0.06,-0.63,335327.81,319293.836
000001.SZ,20170222,9.57,9.57,9.5,9.57,9.57,0,0,462966.11,441528.339
000001.SZ,20170221,9.55,9.62,9.54,9.57,9.56,0.01,0.1,646584.21,618761.069
000001.SZ,20170220,9.4,9.58,9.4,9.56,9.39,0.17,1.81,898755.39,855710.805
000001.SZ,20170217,9.46,9.49,9.37,9.39,9.46,-0.07,-0.74,423774.97,400161.795
000001.SZ,20170216,9.45,9.5,9.42,9.46,9.45,0.01,0.11,411161.13,388636.225
000001.SZ,20170215,9.4,9.54,9.39,9.45,9.4,0.05,0.53,756613.06,716759.655
000001.SZ,20170214,9.41,9.42,9.37,9.4,9.41,-0.01,-0.11,362404.6,340318.431
000001.SZ,20170213,9.34,9.44,9.33,9.41,9.33,0.08,0.86,638364.75,599951.024
000001.SZ,20170210,9.32,9.36,9.31,9.33,9.31,0.02,0.21,482743.23,450701.345
000001.SZ,20170209,9.3,9.33,9.28,9.31,9.3,0.01,0.11,342855.13,319201.023
000001.SZ,20170208,9.29,9.3,9.24,9.3,9.3,0,0,360272.42,333975.401
000001.SZ,20170207,9.31,9.32,9.27,9.3,9.31,-0.01,-0.11,396884.97,368755.274
000001.SZ,20170206,9.26,9.32,9.26,9.31,9.26,0.05,0.54,516786.11,480441.331
000001.SZ,20170203,9.34,9.36,9.23,9.26,9.33,-0.07,-0.75,315472.24,292617.943
000001.SZ,20170126,9.27,9.34,9.26,9.33,9.26,0.07,0.76,420712.58,391844.286
000001.SZ,20170125,9.27,9.28,9.25,9.26,9.27,-0.01,-0.11,304401.96,281976.294
000001.SZ,20170124,9.23,9.28,9.2,9.27,9.22,0.05,0.54,470244.08,434787.729
000001.SZ,20170123,9.22,9.26,9.2,9.22,9.22,0,0,420299.31,388019.072
000001.SZ,20170120,9.17,9.23,9.17,9.22,9.18,0.04,0.44,393328.57,361865.155
000001.SZ,20170119,9.15,9.24,9.15,9.18,9.17,0.01,0.11,437712.86,402445.639
000001.SZ,20170118,9.14,9.19,9.13,9.17,9.15,0.02,0.22,574269.39,526426.595
000001.SZ,20170117,9.12,9.16,9.1,9.15,9.14,0.01,0.11,545552.37,498179.703
000001.SZ,20170116,9.15,9.16,9.07,9.14,9.16,-0.02,-0.22,683165.86,623025.82
000001.SZ,20170113,9.14,9.19,9.12,9.16,9.15,0.01,0.11,434301.37,397601.906
000001.SZ,20170112,9.13,9.17,9.13,9.15,9.14,0.01,0.11,428006.77,391869.402
000001.SZ,20170111,9.14,9.17,9.13,9.14,9.15,-0.01,-0.11,303430.89,277553.207
000001.SZ,20170110,9.15,9.16,9.14,9.15,9.15,0,0,241053.95,220575.131
000001.SZ,20170109,9.13,9.17,9.11,9.15,9.13,0.02,0.22,361081.57,329994.604
000001.SZ,20170106,9.17,9.17,9.11,9.13,9.17,-0.04,-0.44,358154.2,327176.433
000001.SZ,20170105,9.17,9.18,9.15,9.17,9.16,0.01,0.11,344372.91,315769.693
000001.SZ,20170104,9.15,9.18,9.14,9.16,9.16,0,0,449329.53,411503.444
000001.SZ,20170103,9.11,9.18,9.09,9.16,9.1,0.06,0.66,459840.49,420595.176
